Facility Number,School Type,School District or Name,Facility Address,County,MMR Vaccination Rate,Age Group
,,BAKER ADVENTIST CHRISTIAN SCHOOL,,Baker,94.10,K-12
,,BAKER EARLY LEARNING COLLABORATIVE,,Baker,93.60,K-12
,,BAKER HIGH SCHOOL,,Baker,96.00,K-12
,,BAKER MIDDLE SCHOOL,,Baker,97.00,K-12
,,Baker Virtual Academy,,Baker,97.40,K-12
,,BAKER WEB ACADEMY,,Baker,81.40,K-12
,,BROOKLYN PRIMARY SCHOOL,,Baker,93.10,K-12
,,BURNT RIVER SCHOOL DISTRICT,,Baker,74.10,K-12
,,EAGLE CAP HIGH SCHOOL,,Baker,100.00,K-12
,,HAINES ELEMENTARY SCHOOL,,Baker,95.70,K-12
,,HARVEST CHRISTIAN ACADEMY,,Baker,75.00,K-12
,,HUNTINGTON SCHOOL DISTRICT 16J,,Baker,89.10,K-12
,,KEATING ELEMENTARY SCHOOL,,Baker,80.00,K-12
,,PINE EAGLE CHARTER SCHOOL,,Baker,87.10,K-12
,,SOUTH BAKER INTERMEDIATE,,Baker,94.70,K-12
,,Adams Elementary School,,Benton,95.20,K-12
,,Alsea K-12 Campus ,,Benton,91.20,K-12
,,Ashbrook Independent School,,Benton,99.30,K-12
,,Bessie Coleman Elementary (formerly Hoover aka Husky Elementary School,,Benton,95.60,K-12
,,Blodgett Elementary School,,Benton,97.10,K-12
,,Cheldelin Middle School,,Benton,97.40,K-12
,,Clemens Primary School,,Benton,91.20,K-12
,,Corvallis High School,,Benton,95.40,K-12
,,Corvallis Waldorf School,,Benton,79.10,K-12
,,Crescent Valley High School,,Benton,97.50,K-12
,,Farm Home School - LBLESD,,Benton,94.70,K-12
,,FH-Wake Robin School,,Benton,94.10,K-12
,,Franklin K-8 Grades,,Benton,97.00,K-12
,,Garfield Elementary School,,Benton,98.10,K-12
,,Kathryn Jones Harrison Elementary (formerly  Jaguar (formerly Jefferson) Elementary School,,Benton,95.50,K-12
,,Kings Valley Charter School k-12,,Benton,92.30,K-12
,,Letitia Carson Elementary (formerly Wilson (aka Wildcat)  Elementary School,,Benton,96.90,K-12
,,Lincoln Elementary School,,Benton,98.10,K-12
,,Linus Pauling Middle School,,Benton,97.40,K-12
,,Monroe High School,,Benton,98.30,K-12
,,Monroe K-8 School,,Benton,94.80,K-12
,,Mountain View Elementary School,,Benton,96.60,K-12
,,Muddy Creek Charter School,,Benton,81.10,K-12
,,North Albany Elementary School,,Benton,95.10,K-12
,,North Albany Middle School,,Benton,97.20,K-12
,,Oak Grove Elementary School,,Benton,95.70,K-12
,,Philomath Academy,,Benton,95.60,K-12
,,Philomath Elementary School,,Benton,97.80,K-12
,,Philomath High School,,Benton,95.50,K-12
,,Philomath Middle School,,Benton,95.10,K-12
,,Santiam Christian Schools,,Benton,94.20,K-12
,,Zion Lutheran School,,Benton,96.80,K-12
,,Adrienne C. Nelson High School,,Clackamas,97.10,K-12
,,ALDER CREEK MIDDLE SCHOOL,,Clackamas,97.30,K-12
,,ALLIANCE CHARTER ACADEMY,,Clackamas,71.50,K-12
,,ARBOR SCHOOL OF ARTS & SCIENCES,,Clackamas,95.80,K-12
,,ARDENWALD ELEMENTARY,,Clackamas,94.90,K-12
,,ATHEY CREEK MIDDLE SCHOOL,,Clackamas,97.00,K-12
,,BAKER PRAIRIE MIDDLE SCHOOL,,Clackamas,96.80,K-12
,,BEAVERCREEK ELEMENTARY,,Clackamas,92.50,K-12
,,BILQUIST ELEMENTARY,,Clackamas,96.80,K-12
,,BOECKMAN CREEK PRIMARY,,Clackamas,94.20,K-12
,,BOLTON PRIMARY,,Clackamas,94.00,K-12
,,BOONES FERRY ELEMENTARY,,Clackamas,96.00,K-12
,,BORING MIDDLE SCHOOL,,Clackamas,96.00,K-12
,,BUTTE CREEK SCHOOL,,Clackamas,87.30,K-12
,,CANBY HIGH SCHOOL,,Clackamas,96.30,K-12
,,CANDY LANE ELEMENTARY,,Clackamas,98.70,K-12
,,CANNADY ELEMENTARY,,Clackamas,95.80,K-12
,,CARUS ELEMENTARY,,Clackamas,90.70,K-12
,,CASCADE HEIGHTS PUBLIC CHARTER SCHOOL,,Clackamas,94.60,K-12
,,CEDAR RIDGE MIDDLE SCHOOL,,Clackamas,95.30,K-12
,,CEDAROAK PARK PRIMARY,,Clackamas,94.00,K-12
,,CHRIST THE KING PARISH SCHOOL,,Clackamas,94.70,K-12
,,Clackamas Academy of Industrial Sciences,,Clackamas,85.00,K-12
,,Clackamas High School,,Clackamas,97.70,K-12
,,CLACKAMAS MIDDLE COLLEGE,,Clackamas,82.00,K-12
,,CLACKAMAS RIVER ELEMENTARY,,Clackamas,95.20,K-12
,,CLACKAMAS WEB ACADEMY 6-12,,Clackamas,80.70,K-12
,,CLACKAMAS WEB ACADEMY K-5,,Clackamas,75.90,K-12
,,CLARKES ELEMENTARY,,Clackamas,84.30,K-12
,,COLTON ELEMENTARY,,Clackamas,92.70,K-12
,,COLTON HIGH SCHOOL,,Clackamas,93.70,K-12
,,COLTON MIDDLE SCHOOL,,Clackamas,96.20,K-12
,,COUNTRY CHRISTIAN SCHOOL,,Clackamas,87.40,K-12
,,DAMASCUS CHRISTIAN SCHOOL,,Clackamas,86.80,K-12
,,DUNCAN ELMENTARY,,Clackamas,94.50,K-12
,,ECCLES ELEMENTARY,,Clackamas,95.00,K-12
,,ELLIOTT PRAIRIE CHRISTIAN,,Clackamas,47.10,K-12
,,ESTACADA HIGH SCHOOL,,Clackamas,98.90,K-12
,,ESTACADA MIDDLE SCHOOL,,Clackamas,95.40,K-12
,,FIRWOOD ELEMENTARY,,Clackamas,93.00,K-12
,,FOREST HILLS ELEMENTARY,,Clackamas,94.90,K-12
,,GAFFNEY LANE ELEMENTARY,,Clackamas,94.10,K-12
,,GARDINER MIDDLE SCHOOL,,Clackamas,97.30,K-12
,,GLADSTONE CENTER FOR CHILDREN,,Clackamas,90.90,K-12
,,GLADSTONE HIGH SCHOOL,,Clackamas,98.30,K-12
,,GOOD SHEPHERD SCHOOL,,Clackamas,78.50,K-12
,,GRAND VIEW CHRISTIAN ACADEMY,,Clackamas,62.20,K-12
,,HALLINAN ELEMENTARY,,Clackamas,96.90,K-12
,,HAPPY VALLEY ELEMENTARY,,Clackamas,95.60,K-12
,,HAPPY VALLEY MIDDLE SCHOOL,,Clackamas,96.30,K-12
,,HARMONY ACADEMY,,Clackamas,96.40,K-12
,,HERON CREEK ACADEMY HIGH,,Clackamas,91.30,K-12
,,HERON CREEK ACADEMY JR HIGH,,Clackamas,86.40,K-12
,,HERON CREEK ELEMENTARY,,Clackamas,96.90,K-12
,,HILLSVIEW MONTESSORI SCHOOL,,Clackamas,91.70,K-12
,,HOLCOMB ELEMENTARY,,Clackamas,92.80,K-12
,,HOOD VIEW ADVENTIST SCHOOL,,Clackamas,85.30,K-12
,,International Leadership Academy (La Creche),,Clackamas,95.90,K-12
,,INZA WOOD MIDDLE SCHOOL,,Clackamas,96.40,K-12
,,JOHN MCLOUGHLIN ELEMENTARY,,Clackamas,95.70,K-12
,,JOHN WETTEN ELEMENTARY,,Clackamas,96.00,K-12
,,KELSO ELEMENTARY,,Clackamas,94.50,K-12
,,KRAXBERGER MIDDLE SCHOOL,,Clackamas,97.00,K-12
,,LA SALLE CATHOLIC COLLEGE PREPARATORY,,Clackamas,98.60,K-12
,,LAKE GROVE ELEMENTARY,,Clackamas,94.60,K-12
,,LAKE OSWEGO HIGH SCHOOL,,Clackamas,97.20,K-12
,,LAKE OSWEGO JR HIGH SCHOOL,,Clackamas,96.00,K-12
,,LAKERIDGE HIGH SCHOOL,,Clackamas,96.60,K-12
,,LAKERIDGE MIDDLE SCHOOL,,Clackamas,96.60,K-12
,,LEWELLING ELEMENTARY,,Clackamas,91.60,K-12
,,LINWOOD ELEMENTARY,,Clackamas,90.50,K-12
,,LOSD TRANSITION,,Clackamas,90.00,K-12
,,Loving Hearts Fives,,Clackamas,81.80,K-12
,,LOWRIE PRIMARY SCHOOL,,Clackamas,93.80,K-12
,,Ma'ayan Ha Torah Day School,,Clackamas,96.80,K-12
,,Meridian Creek Middle School,,Clackamas,95.90,K-12
,,MICHA-EL SCHOOL,,Clackamas,68.50,K-12
,,MILWAUKIE ACADEMY OF ARTS,,Clackamas,91.10,K-12
,,Milwaukie EL PUENTE ELEMENTARY,,Clackamas,96.60,K-12
,,MILWAUKIE HIGH SCHOOL,,Clackamas,96.80,K-12
,,MOLALLA ELEMENTARY,,Clackamas,93.70,K-12
,,MOLALLA HIGH SCHOOL,,Clackamas,96.20,K-12
,,MOLALLA RIVER ACADEMY,,Clackamas,90.00,K-12
,,MOLALLA RIVER MIDDLE SCHOOL,,Clackamas,95.50,K-12
,,MT HOOD ACADEMY,,Clackamas,100.00,K-12
,,MT SCOTT ELEMENTARY,,Clackamas,94.70,K-12
,,MULINO ELEMENTARY,,Clackamas,86.60,K-12
,,NAAS ELEMENTARY,,Clackamas,94.50,K-12
,,NEW URBAN HIGH SCHOOL,,Clackamas,98.60,K-12
,,New Urban Online,,Clackamas,92.10,K-12
,,NINETY ONE SCHOOL,,Clackamas,88.20,K-12
,,NORTH CLACKAMAS CHRISTIAN SCHOOL,,Clackamas,94.70,K-12
,,OAK CREEK ELEMENTARY,,Clackamas,99.00,K-12
,,OAK GROVE ELEMENTARY,,Clackamas,94.00,K-12
,,OneSchool Global,,Clackamas,92.90,K-12
,,OREGON CITY CHRISTIAN ACADEMY,,Clackamas,100.00,K-12
,,OREGON CITY HIGH SCHOOL,,Clackamas,96.60,K-12
,,OREGON CITY SERVICE LEARNING ACADEMY,,Clackamas,97.30,K-12
,,OREGON TRAIL ACADEMY,,Clackamas,93.20,K-12
,,OREGON TRAIL ELEMENTARY,,Clackamas,96.20,K-12
,,OUR LADY OF THE LAKE,,Clackamas,96.10,K-12
,,Paideia Classical Christian School,,Clackamas,64.00,K-12
,,Palisades World Language School,,Clackamas,94.20,K-12
,,PARK ACADEMY,,Clackamas,97.90,K-12
,,PARROTT CREEK RANCH,,Clackamas,100.00,K-12
,,PHILANDER LEE ELEMENTARY,,Clackamas,94.00,K-12
,,PORTLAND WALDORF SCHOOL,,Clackamas,72.40,K-12
,,REDLAND ELEMENTARY,,Clackamas,92.40,K-12
,,RESURRECTION CATHOLIC Primary School,,Clackamas,84.10,K-12
,,REX PUTNAM HIGH SCHOOL,,Clackamas,97.40,K-12
,,RIVER GROVE ELEMENTARY,,Clackamas,91.50,K-12
,,RIVER MILL ELEMENTARY,,Clackamas,91.10,K-12
,,RIVERGATE ADVENTIST ELEMENTARY AND CHILDCARE,,Clackamas,86.10,K-12
,,RIVERSIDE ELEMENTARY,,Clackamas,96.30,K-12
,,Riverside High School,,Clackamas,95.20,K-12
,,ROCK CREEK MIDDLE SCHOOL,,Clackamas,96.00,K-12
,,ROSEMONT RIDGE MIDDLE SCHOOL,,Clackamas,96.00,K-12
,,ROWE MIDDLE SCHOOL,,Clackamas,96.90,K-12
,,RURAL DELL ELEMENTARY,,Clackamas,92.80,K-12
,,SANDY GRADE,,Clackamas,96.40,K-12
,,SANDY HIGH SCHOOL,,Clackamas,96.80,K-12
,,SCOUTERS MOUNTAIN ELEMENTARY,,Clackamas,98.00,K-12
,,Skopos Christian School ,,Clackamas,89.50,K-12
,,SOJOURNER ELEMENTARY SCHOOL,,Clackamas,95.60,K-12
,,SONSHINE EXPRESS PRESCHOOL AND KINDERGARTEN,,Clackamas,84.60,K-12
,,Southlake Church Preschool,,Clackamas,100.00,K-12
,,SPRING MOUNTAIN CHRISTIAN ACADEMY,,Clackamas,44.70,K-12
,,SPRING MOUNTAIN ELEMENTARY,,Clackamas,94.80,K-12
,,SPRINGWATER ENVIRONMENTAL SCIENCES SCHOOL,,Clackamas,88.90,K-12
,,ST JOHN THE APOSTLE CATHOLIC SCHOOL,,Clackamas,96.40,K-12
,,ST JOHN THE BAPTIST CATHOLIC SCHOOL,,Clackamas,100.00,K-12
,,STAFFORD ACADEMY,,Clackamas,50.00,K-12
,,STAFFORD PRIMARY,,Clackamas,96.20,K-12
,,SUMMIT LEARNING CHARTER,,Clackamas,82.40,K-12
,,SUNNYSIDE ELEMENTARY,,Clackamas,94.70,K-12
,,SUNSET PRIMARY,,Clackamas,93.90,K-12
,,THE MARYLHURST SCHOOL,,Clackamas,86.20,K-12
,,THREE RIVERS CHARTER SCHOOL,,Clackamas,95.50,K-12
,,TRILLIUM CREEK PRIMARY SCHOOL,,Clackamas,92.60,K-12
,,TROST ELEMENTARY,,Clackamas,97.90,K-12
,,Tumwata Middle School,,Clackamas,96.20,K-12
,,Victory Academy,,Clackamas,85.70,K-12
,,VIEW ACRES ELEMENTARY,,Clackamas,94.90,K-12
,,WELCHES ELEMENTARY,,Clackamas,86.30,K-12
,,WELCHES MIDDLE SCHOOL,,Clackamas,95.90,K-12
,,WEST LINN HIGH SCHOOL,,Clackamas,97.30,K-12
,,WESTRIDGE ELEMENTARY,,Clackamas,96.80,K-12
,,WHITCOMB ELEMENTARY,,Clackamas,93.30,K-12
,,WILLAMETTE PRIMARY,,Clackamas,95.60,K-12
,,WILLIAM KNIGHT ELEMENTARY,,Clackamas,95.40,K-12
,,WILSONVILLE HIGH SCHOOL,,Clackamas,97.00,K-12
,,Anchor Christian Academy,,Clatsop,76.70,K-12
,,Astor Elementary,,Clatsop,95.40,K-12
,,Astoria High School,,Clatsop,95.90,K-12
,,Astoria Middle School,,Clatsop,95.80,K-12
,,Cannon Beach Academy,,Clatsop,90.60,K-12
,,Encore Academy of Performing Arts,,Clatsop,89.10,K-12
,,Hilda Lahti Elementary,,Clatsop,91.90,K-12
,,Hilda Lahti Junior High,,Clatsop,94.60,K-12
,,Jewell Elementary School,,Clatsop,94.20,K-12
,,Jewell High School,,Clatsop,92.50,K-12
,,Jewell Middle School,,Clatsop,96.70,K-12
,,Knappa High School,,Clatsop,97.70,K-12
,,Lewis & Clark Elementary,,Clatsop,95.10,K-12
,,Pacific Ridge Elementary School,,Clatsop,93.50,K-12
,,Seaside High School,,Clatsop,95.20,K-12
,,Seaside Middle School,,Clatsop,95.20,K-12
,,Warrenton Grade School ,,Clatsop,93.00,K-12
,,Warrenton High School,,Clatsop,95.30,K-12
,,Warrenton Middle School,,Clatsop,92.60,K-12
,,Warrior Academy,,Clatsop,88.00,K-12
,,West Exchange School,,Clatsop,95.20,K-12
,,Clatskanie Elementary,,Columbia,92.30,K-12
,,Clatskanie Middle/High School,,Columbia,92.70,K-12
,,Columbia County Christian School,,Columbia,88.20,K-12
,,North Columbia Academy,,Columbia,100.00,K-12
,,Piercing Arrow Private School,,Columbia,89.50,K-12
,,Rainier Hudson Park Elementary,,Columbia,92.20,K-12
,,Rainier Junior/Senior High School,,Columbia,97.20,K-12
,,Sauvie Island Academy,,Columbia,92.90,K-12
,,Scappoose Adventist School,,Columbia,81.10,K-12
,,Scappoose Grant Watts Grade School,,Columbia,94.80,K-12
,,Scappoose High School,,Columbia,97.20,K-12
,,Scappoose Middle School,,Columbia,97.70,K-12
,,Scappoose Otto H.H. Petersen,,Columbia,97.40,K-12
,,Scappoose Warren Elementary,,Columbia,90.10,K-12
,,South Columbia Family School,,Columbia,73.10,K-12
,,St Helens Yankton Arthur Academy,,Columbia,95.30,K-12
,,St. Helens Columbia City Elementary,,Columbia,93.30,K-12
,,St. Helens High School,,Columbia,97.80,K-12
,,St. Helens Lewis & Clark Elementary,,Columbia,94.20,K-12
,,St. Helens McBride Elementary,,Columbia,93.90,K-12
,,St. Helens Middle School,,Columbia,97.40,K-12
,,St. Helens Plymouth High School,,Columbia,100.00,K-12
,,Vernonia Elementary,,Columbia,81.40,K-12
,,Vernonia High School,,Columbia,93.60,K-12
,,Vernonia Middle School,,Columbia,92.10,K-12
,,Vernonia Mist Grade School,,Columbia,90.00,K-12
,,Bandon High School,,Coos,97.00,K-12
,,Christ Lutheran Church and School,,Coos,92.30,K-12
,,Coos Bay Alternative Programs (AYA),,Coos,95.30,K-12
,,Coos Bay Alternative Programs (K-8),,Coos,78.60,K-12
,,Coquille Jr/Sr  High School,,Coos,97.40,K-12
,,Coquille Valley Elementary School,,Coos,95.50,K-12
,,Destinations Academy,,Coos,97.70,K-12
,,Eastside Elementary,,Coos,97.10,K-12
,,Evergreen Virtual Academy,,Coos,88.30,K-12
,,Harbor Lights Middle School,,Coos,90.90,K-12
,,Hillcrest Elementary,,Coos,94.00,K-12
,,Kingsview Christian School,,Coos,84.20,K-12
,,Lighthouse School,,Coos,93.50,K-12
,,Lincoln School Of Early Learning,,Coos,89.40,K-12
,,Madison Elementary,,Coos,95.50,K-12
,,Marshfield Junior High,,Coos,97.30,K-12
,,Marshfield Senior High,,Coos,97.70,K-12
,,Millicoma Middle School,,Coos,96.70,K-12
,,Myrtle Crest Elementary,,Coos,93.50,K-12
,,Myrtle Point Junior/Senior High School,,Coos,94.20,K-12
,,North Bay Elementary,,Coos,95.00,K-12
,,North Bend High School,,Coos,97.60,K-12
,,North Bend Middle School,,Coos,97.20,K-12
,,Ocean Crest Elementary School,,Coos,87.90,K-12
,,Powers Elementary School,,Coos,96.80,K-12
,,Powers High School,,Coos,97.80,K-12
,,Resource Link Public Charter School,,Coos,75.00,K-12
,,Sunset Middle School,,Coos,97.00,K-12
,,Winter Lakes Elementary,,Coos,86.00,K-12
,,Winter Lakes High School,,Coos,90.70,K-12
,,Barnes Butte Elementary,,Crook,96.20,K-12
,,Crook County Christian School,,Crook,81.80,K-12
,,CROOK COUNTY HIGH ONLINE CIRRICULUM,,Crook,93.00,K-12
,,Crook County High School,,Crook,97.50,K-12
,,Crook County Middle School,,Crook,98.10,K-12
,,Crooked River Elementary,,Crook,93.00,K-12
,,Grizzly Mountain HomeLink,,Crook,80.30,K-12
,,High Desert Christian Academy,,Crook,78.10,K-12
,,Paulina School,,Crook,96.20,K-12
,,Pioneer Secondary Alternative High School,,Crook,98.20,K-12
,,Powell Butte Community Charter School,,Crook,89.60,K-12
,,Steins Pillar Elementary,,Crook,97.10,K-12
,,Azalea Middle School,,Curry,95.40,K-12
,,Brookings Harbor Christian School,,Curry,65.60,K-12
,,Brookings-Harbor High School,,Curry,96.20,K-12
,,Driftwood Elementary,,Curry,83.60,K-12
,,Gold Beach Jr/Sr High School,,Curry,96.80,K-12
,,Kalmiopsis Elementary School,,Curry,91.50,K-12
,,Pacific High School,,Curry,95.30,K-12
,,Riley Creek Elementary,,Curry,90.50,K-12
,,AMITY CREEK MAGNET SCHOOL,,Deschutes,85.00,K-12
,,BEAR CREEK ELEMENTARY,,Deschutes,95.80,K-12
,,BEND INTERNATIONAL SCHOOL,,Deschutes,88.50,K-12
,,BEND SENIOR HIGH SCHOOL,,Deschutes,93.60,K-12
,,BEND TECH ACADEMY (formerly MARSHALL H.S.),,Deschutes,95.30,K-12
,,BRIDGE CHARTER ACADEMY - BEND,,Deschutes,82.60,K-12
,,BUCKINGHAM ELEMENTARY SCHOOL,,Deschutes,94.40,K-12
,,CALDERA HIGH SCHOOL,,Deschutes,95.20,K-12
,,CASCADE MIDDLE SCHOOL,,Deschutes,92.60,K-12
,,CASCADES ACADEMY,,Deschutes,94.90,K-12
,,CENTRAL CHRISTIAN SCHOOL,,Deschutes,88.20,K-12
,,CENTRAL OREGON INTERGOVERN. COUNCIL - REDMOND,,Deschutes,100.00,K-12
,,DESERT SKY MONTESSORI,,Deschutes,67.90,K-12
,,EASTMONT COMMUNITY SCHOOL,,Deschutes,85.70,K-12
,,EDWIN BROWN EDUCATION CENTER (StepUP),,Deschutes,96.80,K-12
,,ELK MEADOW ELEMENTARY,,Deschutes,90.70,K-12
,,ELTON GREGORY MIDDLE SCHOOL,,Deschutes,97.30,K-12
,,ENSWORTH ELEMENTARY,,Deschutes,90.40,K-12
,,HIGH DESERT MIDDLE SCHOOL,,Deschutes,96.00,K-12
,,"HIGH DESERT MONTESSORI, LLC",,Deschutes,69.20,K-12
,,HIGH LAKES ELEMENTARY SCHOOL,,Deschutes,96.00,K-12
,,HIGHLAND MAGNET SCHOOL,,Deschutes,91.90,K-12
,,HUGH HARTMAN ELEMENTARY,,Deschutes,93.80,K-12
,,J BAR J LEARNING CENTER - BOYS RANCH,,Deschutes,100.00,K-12
,,J BAR J LEARNING CENTER- ACADEMY AT SISTERS,,Deschutes,100.00,K-12
,,JOHN TUCK ELEMENTARY,,Deschutes,96.50,K-12
,,JUNIPER ELEMENTARY,,Deschutes,91.70,K-12
,,LA PINE ELEMENTARY,,Deschutes,91.80,K-12
,,LA PINE HIGH SCHOOL,,Deschutes,97.00,K-12
,,LA PINE MIDDLE SCHOOL,,Deschutes,95.70,K-12
,,LAVA RIDGE ELEMENTARY,,Deschutes,95.50,K-12
,,M. A. LYNCH ELEMENTARY SCHOOL,,Deschutes,94.70,K-12
,,MORNING STAR CHRISTIAN SCHOOL,,Deschutes,74.90,K-12
,,MOUNTAIN VIEW HIGH SCHOOL,,Deschutes,95.30,K-12
,,NORTH STAR ELEMENTARY,,Deschutes,96.00,K-12
,,OBSIDIAN MIDDLE SCHOOL,,Deschutes,95.80,K-12
,,OREGON FAMILY SCHOOL,,Deschutes,69.50,K-12
,,PACIFIC CREST MIDDLE SCHOOL,,Deschutes,93.10,K-12
,,PILOT BUTTE MIDDLE SCHOOL,,Deschutes,93.80,K-12
,,PINE RIDGE ELEMENTARY SCHOOL,,Deschutes,94.20,K-12
,,PONDEROSA ELEMENTARY SCHOOL,,Deschutes,95.60,K-12
,,R. E. JEWELL ELEMENTARY,,Deschutes,95.40,K-12
,,REALMS HIGH SCHOOL,,Deschutes,89.40,K-12
,,REALMS MIDDLE SCHOOL,,Deschutes,87.20,K-12
,,REDMOND HIGH SCHOOL,,Deschutes,97.50,K-12
,,REDMOND PROFICIENCY ACADEMY HIGH SCHOOL,,Deschutes,93.30,K-12
,,REDMOND PROFICIENCY ACADEMY MIDDLE SCHOOL,,Deschutes,93.60,K-12
,,RIDGEVIEW HIGH SCHOOL,,Deschutes,95.90,K-12
,,ROSLAND ELEMENTARY,,Deschutes,93.20,K-12
,,SAGE ELEMENTARY SCHOOL,,Deschutes,92.30,K-12
,,SEVEN PEAKS SCHOOL,,Deschutes,94.00,K-12
,,SILVER RAIL ELEMENTARY SCHOOL,,Deschutes,93.90,K-12
,,SISTERS ELEMENTARY SCHOOL,,Deschutes,90.90,K-12
,,SISTERS HIGH SCHOOL,,Deschutes,93.50,K-12
,,SISTERS MIDDLE SCHOOL,,Deschutes,93.00,K-12
,,SKY VIEW MIDDLE SCHOOL,,Deschutes,94.70,K-12
,,ST. FRANCIS OF ASSISI CATHOLIC SCHOOL,,Deschutes,93.20,K-12
,,ST. THOMAS ACADEMY,,Deschutes,99.20,K-12
,,SUMMIT HIGH SCHOOL,,Deschutes,94.10,K-12
,,TERREBONNE COMMUNITY SCHOOL,,Deschutes,92.50,K-12
,,THE COTTAGE DAYCARE INC.,,Deschutes,100.00,K-12
,,THREE RIVERS K-8,,Deschutes,91.20,K-12
,,THREE SISTERS ADVENTIST CHRISTIAN SCHOOL,,Deschutes,61.20,K-12
,,TOM MCCALL ELEMENTARY,,Deschutes,95.30,K-12
,,TRINITY LUTHERAN SCHOOL,,Deschutes,89.70,K-12
,,TUMALO COMMUNITY SCHOOL,,Deschutes,89.80,K-12
,,VERN PATRICK ELEMENTARY,,Deschutes,94.80,K-12
,,WALDORF SCHOOL OF BEND,,Deschutes,61.00,K-12
,,WESTSIDE VILLAGE MAGNET SCHOOL,,Deschutes,85.90,K-12
,,WILLIAM E MILLER ELEMENTARY,,Deschutes,95.80,K-12
,,Brockway Elementary School,,Douglas,90.20,K-12
,,Calvary Christian Academy,,Douglas,63.30,K-12
,,Camas Valley Charter School,,Douglas,87.50,K-12
,,Canyonville Adventist Elementary School,,Douglas,84.20,K-12
,,Canyonville School (Elementary),,Douglas,96.50,K-12
,,Canyonville School (Middle),,Douglas,96.40,K-12
,,Coffenberry Middle School,,Douglas,96.80,K-12
,,Days Creek Elementary,,Douglas,85.30,K-12
,,Days Creek Jr/Sr High School,,Douglas,89.20,K-12
,,Dillard Alternative School,,Douglas,97.40,K-12
,,Douglas High School,,Douglas,96.70,K-12
,,East Primary School,,Douglas,91.60,K-12
,,Eastwood Elementary School,,Douglas,92.40,K-12
,,Elkton Grade School,,Douglas,86.30,K-12
,,Elkton High School,,Douglas,94.80,K-12
,,Fir Grove Elementary School,,Douglas,94.10,K-12
,,Fullerton IV Elementary School,,Douglas,91.30,K-12
,,Geneva Academy,,Douglas,85.60,K-12
,,Glendale Elementary School,,Douglas,95.30,K-12
,,Glendale High School,,Douglas,95.20,K-12
,,Glendale Middle School,,Douglas,96.70,K-12
,,Glide Elementary School,,Douglas,92.00,K-12
,,Glide High School,,Douglas,94.40,K-12
,,Glide Middle School,,Douglas,96.40,K-12
,,Green Elementary School,,Douglas,95.50,K-12
,,Highland Elementary School,,Douglas,90.50,K-12
,,Horizons,,Douglas,91.70,K-12
,,Hucrest Elementary,,Douglas,90.80,K-12
,,John C Fremont Middle School,,Douglas,96.60,K-12
,,Joseph Lane Middle School,,Douglas,96.30,K-12
,,Lincoln Middle School,,Douglas,93.90,K-12
,,Lookingglass Elementary School,,Douglas,90.90,K-12
,,Maple Corner Montessori,,Douglas,88.10,K-12
,,McGovern Elementary School,,Douglas,94.00,K-12
,,Melrose Elementary School,,Douglas,92.10,K-12
,,Milo Adventist Academy,,Douglas,57.80,K-12
,,Myrtle Creek Elementary School,,Douglas,90.00,K-12
,,North Douglas Elementary/Middle School,,Douglas,90.80,K-12
,,North Douglas High School,,Douglas,97.90,K-12
,,Oakland Elementary School,,Douglas,92.80,K-12
,,Oakland High School,,Douglas,92.90,K-12
,,Phoenix Charter School,,Douglas,98.00,K-12
,,Reedsport Community Charter School,,Douglas,95.20,K-12
,,RHS Virtual Studies,,Douglas,90.50,K-12
,,Riddle Elementary School,,Douglas,94.90,K-12
,,Riddle Jr/Sr High School,,Douglas,96.40,K-12
,,Roseburg Christian Academy,,Douglas,87.50,K-12
,,Roseburg High School,,Douglas,96.50,K-12
,,Roseburg Virtual School (Elementary),,Douglas,77.80,K-12
,,Roseburg Virtual School (Middle),,Douglas,89.80,K-12
,,South Douglas Christian School,,Douglas,78.60,K-12
,,South Umpqua High School,,Douglas,97.00,K-12
,,Sunnyslope Elementary,,Douglas,95.60,K-12
,,Sutherlin High School,,Douglas,98.80,K-12
,,Sutherlin Middle School,,Douglas,96.20,K-12
,,Sutherlin Valley Online Academy,,Douglas,94.80,K-12
,,Tri-City Elementary School,,Douglas,92.30,K-12
,,Umpqua Valley Christian School,,Douglas,84.40,K-12
,,West Intermediate School,,Douglas,96.30,K-12
,,Winchester Elementary School,,Douglas,92.60,K-12
,,Winston Middle School,,Douglas,95.70,K-12
,,Yoncalla Elementary/Middle School,,Douglas,89.90,K-12
,,Yoncalla High School,,Douglas,94.10,K-12
,,Arlington School District,,Gilliam,97.00,K-12
,,Condon Grade School,,Gilliam,91.30,K-12
,,Condon High School,,Gilliam,100.00,K-12
,,Dayville School District #16J,,Grant,95.50,K-12
,,Grant Union Jr/Sr High School,,Grant,97.70,K-12
,,Humbolt Elementary School,,Grant,94.60,K-12
,,Long Creek School District #17,,Grant,90.90,K-12
,,Monument School District #8,,Grant,88.50,K-12
,,Prairie City School,,Grant,90.00,K-12
,,Seneca School,,Grant,100.00,K-12
,,Burns High School,,Harney,98.30,K-12
,,Crane Elementary School,,Harney,97.70,K-12
,,Crane Union High School,,Harney,98.80,K-12
,,Diamond School,,Harney,92.90,K-12
,,Henry L Slater Elementary,,Harney,95.20,K-12
,,High Desert Christian School,,Harney,62.50,K-12
,,Hines Middle School,,Harney,97.00,K-12
,,Monroe School (OYA),,Harney,100.00,K-12
,,Silvies River Charter School,,Harney,77.50,K-12
,,Bright Beginnings,,Hood River,88.90,K-12
,,Cascade Locks School,,Hood River,95.50,K-12
,,Hood River Middle,,Hood River,96.40,K-12
,,Hood River New School,,Hood River,100.00,K-12
,,Hood River Options Academy-elementary school,,Hood River,100.00,K-12
,,Hood River Options Academy-high school,,Hood River,96.80,K-12
,,Hood River Options Academy-middle school,,Hood River,85.20,K-12
,,Hood River Valley High School,,Hood River,95.80,K-12
,,"Horizon Christian School, Inc",,Hood River,80.50,K-12
,,"Klahre House/The Next Door, Inc.",,Hood River,100.00,K-12
,,May Street Elementary,,Hood River,92.30,K-12
,,Mid-Columbia Adventist School,,Hood River,75.60,K-12
,,Mid-Valley Elementary,,Hood River,98.10,K-12
,,Parkdale Elementary,,Hood River,91.80,K-12
,,Westside Elementary,,Hood River,94.70,K-12
,,Wildwood Academy,,Hood River,100.00,K-12
,,Wy'East Middle School,,Hood River,97.80,K-12
,,ABRAHAM LINCOLN ELEMENTARY,,Jackson,96.40,K-12
,,ARMADILLO TECHNICAL INSTITUTE,,Jackson,93.30,K-12
,,Ashland Connect,,Jackson,75.00,K-12
,,ASHLAND HIGH SCHOOL,,Jackson,81.50,K-12
,,ASHLAND MIDDLE SCHOOL,,Jackson,87.90,K-12
,,BELLVIEW ELEMENTARY,,Jackson,84.70,K-12
,,BUTTE FALLS CHARTER SCHOOL,,Jackson,100.00,K-12
,,CASCADE CHRISTIAN MIDDLE AND  HIGH SCHOOL,,Jackson,94.90,K-12
,,CENTRAL POINT ELEMENTARY,,Jackson,93.40,K-12
,,Community Learning Center ,,Jackson,70.00,K-12
,,CRATER ACADEMY OF HEALTH AND PUBLIC SERVICES (CAHPS),,Jackson,95.80,K-12
,,CRATER LAKE ACADEMY,,Jackson,87.00,K-12
,,"CRATER SCHOOL OF BUSINESS, INNOVATION & SCIENCE",,Jackson,97.20,K-12
,,CRATER'S RENAISSANCE ACADEMY,,Jackson,96.40,K-12
,,EAGLE POINT HIGH SCHOOL,,Jackson,98.00,K-12
,,EAGLE POINT MIDDLE SCHOOL,,Jackson,93.50,K-12
,,EAGLE ROCK ELEMENTARY,,Jackson,89.10,K-12
,,Exceptional Students Program,,Jackson,81.80,K-12
,,GRACE CHRISTIAN,,Jackson,87.00,K-12
,,GRIFFIN CREEK ELEMENTARY,,Jackson,93.50,K-12
,,Hanby Middle School,,Jackson,92.90,K-12
,,HARVEST CHRISTIAN SCHOOL,,Jackson,89.40,K-12
,,HEDRICK MIDDLE SCHOOL,,Jackson,96.20,K-12
,,HELMAN ELEMENTARY,,Jackson,83.30,K-12
,,HILLSIDE ELEMENTARY,,Jackson,92.80,K-12
,,HOOVER ELEMENTARY,,Jackson,95.10,K-12
,,HOWARD ELEMENTARY,,Jackson,96.40,K-12
,,Innovation Academy,,Jackson,94.90,K-12
,,JACKSON ELEMENTARY,,Jackson,94.40,K-12
,,JACKSONVILLE ELEMENTARY,,Jackson,91.60,K-12
,,JEFFERSON ELEMENTARY,,Jackson,92.70,K-12
,,JEWETT ELEMENTARY,,Jackson,91.10,K-12
,,KENNEDY ELEMENTARY,,Jackson,93.10,K-12
,,KIDS UNLIMITED ACADEMY PUBLIC CHARTER SCHOOL,,Jackson,95.10,K-12
,,KNOX CLASSICAL CHRISTIAN ACADEMY,,Jackson,58.00,K-12
,,LAKE CREEK LEARNING CENTER,,Jackson,82.90,K-12
,,Logos Public Charter School,,Jackson,75.40,K-12
,,LONE PINE ELEMENTARY,,Jackson,94.70,K-12
,,MADRONE TRAIL PUBLIC CHARTER SCHOOL,,Jackson,55.70,K-12
,,MAE RICHARDSON ELEMENTARY,,Jackson,95.20,K-12
,,MCLOUGHLIN MIDDLE,,Jackson,95.10,K-12
,,Medford Montessori School Poplar Campus,,Jackson,88.90,K-12
,,Medford Online 9-12,,Jackson,93.80,K-12
,,MEDFORD ONLINE ACADEMY,,Jackson,91.30,K-12
,,MEDFORD OPPORTUNITY SCHOOL,,Jackson,100.00,K-12
,,New Heights Christian School,,Jackson,84.90,K-12
,,NORTH MEDFORD HIGH SCHOOL,,Jackson,95.70,K-12
,,OAK GROVE ELEMENTARY,,Jackson,94.40,K-12
,,Oakdale Middle School,,Jackson,97.20,K-12
,,Orchard Hill Elementary,,Jackson,90.10,K-12
,,PATRICK ELEMENTARY,,Jackson,91.70,K-12
,,PHOENIX ELEMENTARY,,Jackson,92.50,K-12
,,PHOENIX HIGH SCHOOL,,Jackson,96.50,K-12
,,Phoenix Talent Rising Academy,,Jackson,93.50,K-12
,,PINEHURST SCHOOL,,Jackson,25.00,K-12
,,PROSPECT CHARTER SCHOOL,,Jackson,97.10,K-12
,,RIVER'S EDGE ACADEMY CHARTER SCHOOL,,Jackson,77.20,K-12
,,Rogue Primary,,Jackson,89.20,K-12
,,ROGUE RIVER ELEMENTARY,,Jackson,91.60,K-12
,,ROGUE RIVER JUNIOR SENIOR HIGH,,Jackson,94.40,K-12
,,ROGUE VALLEY ADVENTIST ACADEMY,,Jackson,84.90,K-12
,,Rogue Valley Montessori Preschool,,Jackson,80.00,K-12
,,ROOSEVELT ELEMENTARY,,Jackson,88.00,K-12
,,RUCH OUTDOOR COMMUNITY,,Jackson,70.70,K-12
,,SACRED HEART CATHOLIC SCHOOL,,Jackson,94.00,K-12
,,SAMS VALLEY ELEMENTARY,,Jackson,89.80,K-12
,,SCENIC MIDDLE SCHOOL,,Jackson,95.10,K-12
,,SHADY COVE SCHOOL,,Jackson,90.50,K-12
,,SHADY POINT SEVENTH DAY ADVENTIST SCHOOL,,Jackson,70.00,K-12
,,SISKIYOU SCHOOL,,Jackson,40.80,K-12
,,SOUTH MEDFORD HIGH SCHOOL,,Jackson,96.20,K-12
,,South Valley Academy,,Jackson,94.10,K-12
,,SOUTHERN OREGON EDUCATION SERVICE DISTRICT,,Jackson,80.00,K-12
,,ST MARY'S SCHOOL,,Jackson,95.30,K-12
,,TABLE ROCK ELEMENTARY,,Jackson,95.70,K-12
,,TALENT ELEMENTARY,,Jackson,89.00,K-12
,,TALENT MIDDLE SCHOOL,,Jackson,95.60,K-12
,,TRAILS Outdoor School,,Jackson,61.30,K-12
,,Upper Rogue Center for Ed. Opp (URCEO),,Jackson,96.90,K-12
,,VALLEY SCHOOL ,,Jackson,94.10,K-12
,,WALKER ELEMENTARY,,Jackson,80.80,K-12
,,WASHINGTON ELEMENTARY,,Jackson,95.50,K-12
,,WHITE MOUNTAIN MIDDLE SCHOOL,,Jackson,98.90,K-12
,,Willow Wind Community Learning Center,,Jackson,70.00,K-12
,,WILSON ELEMENTARY,,Jackson,95.10,K-12
,,509J Online,,Jefferson,97.20,K-12
,,Big Muddy School,,Jefferson,100.00,K-12
,,Black Butte School,,Jefferson,96.00,K-12
,,Bridges Career & Technical High School,,Jefferson,100.00,K-12
,,Buff Elementary,,Jefferson,96.10,K-12
,,Culver Elementary School,,Jefferson,87.70,K-12
,,Culver High School,,Jefferson,97.70,K-12
,,Culver Middle School,,Jefferson,97.60,K-12
,,Dual Language/Mariposa Dual Language,,Jefferson,92.30,K-12
,,Jefferson County Middle School,,Jefferson,98.80,K-12
,,Madras Christian School,,Jefferson,90.50,K-12
,,Madras Elementary,,Jefferson,97.20,K-12
,,Madras High School,,Jefferson,98.90,K-12
,,Metolius Elementary School,,Jefferson,97.80,K-12
,,Palisades Christian School,,Jefferson,75.00,K-12
,,Warm Springs Academy,,Jefferson,99.80,K-12
,,Allen Dale Elementary School,,Josephine,89.10,K-12
,,APPLEGATE ELEMENTARY,,Josephine,78.40,K-12
,,Brighton Academy,,Josephine,65.00,K-12
,,Community Christian Academy,,Josephine,80.00,K-12
,,Dome School,,Josephine,56.20,K-12
,,Evergreen Elementary,,Josephine,79.00,K-12
,,Family Solutions Day Treatment,,Josephine,100.00,K-12
,,FLEMING MIDDLE SCHOOL,,Josephine,94.30,K-12
,,Fort Vannoy,,Josephine,91.40,K-12
,,FRUITDALE ELEMENTARY,,Josephine,92.10,K-12
,,Gladiola,,Josephine,94.00,K-12
,,GP FLEX,,Josephine,91.10,K-12
,,Grace Preschool,,Josephine,60.00,K-12
,,Grants Pass Adventist School,,Josephine,51.90,K-12
,,Grants Pass High School,,Josephine,92.00,K-12
,,Hidden Valley High,,Josephine,88.80,K-12
,,Highland Elementary School,,Josephine,92.60,K-12
,,Illinois Valley High School,,Josephine,87.20,K-12
,,Kalmiopsis Community Arts High School,,Josephine,71.00,K-12
,,Lincoln Elementary,,Josephine,94.10,K-12
,,Lincoln Savage Middle,,Josephine,92.20,K-12
,,Lorna Byrne Middle,,Josephine,84.30,K-12
,,Madrona Elementary,,Josephine,86.00,K-12
,,Madrone Adventist Elementary School,,Josephine,71.40,K-12
,,Manzanita Elementary,,Josephine,90.20,K-12
,,New Bridge High School (OYA),,Josephine,96.70,K-12
,,New Hope Christian School,,Josephine,79.40,K-12
,,NORTH MIDDLE SCHOOL,,Josephine,92.40,K-12
,,North Valley High,,Josephine,93.70,K-12
,,Parkside Elementary,,Josephine,87.80,K-12
,,Redwood Elementary,,Josephine,87.70,K-12
,,Riverside Elementary,,Josephine,87.50,K-12
,,Rogue Christian Academy,,Josephine,73.20,K-12
,,South Middle School,,Josephine,92.90,K-12
,,SOUTHERN OREGON SUCCESS ACADEMY,,Josephine,89.60,K-12
,,ST. ANNE CATHOLIC SCHOOL,,Josephine,93.60,K-12
,,Sunny Wolf Charter School,,Josephine,78.20,K-12
,,Vineyard Christian School,,Josephine,62.80,K-12
,,WILLIAMS ELEMENTARY,,Josephine,54.00,K-12
,,Woodland Charter School,,Josephine,41.20,K-12
,,Bonanza Elementary School,,Klamath,89.70,K-12
,,Bonanza Jr/Sr High School,,Klamath,91.50,K-12
,,Brixner Junior High School,,Klamath,98.30,K-12
,,Cadence Academy Preschool (Eberlein),,Klamath,83.30,K-12
,,Chiloquin Elementary School,,Klamath,91.40,K-12
,,Chiloquin Junior Senior High School,,Klamath,95.30,K-12
,,Conger Elementary School,,Klamath,94.10,K-12
,,Crosspoint Christian School,,Klamath,91.50,K-12
,,Eagle Ridge High School,,Klamath,96.20,K-12
,,Falcon Heights Academy,,Klamath,96.30,K-12
,,Ferguson Elementary School,,Klamath,97.10,K-12
,,Gearhart Elementary School,,Klamath,69.20,K-12
,,Gilchrist Elementary School,,Klamath,95.40,K-12
,,Gilchrist Junior Senior High School,,Klamath,100.00,K-12
,,Great Basin Home School Center,,Klamath,97.40,K-12
,,Henley Elementary School,,Klamath,95.90,K-12
,,Henley High School,,Klamath,98.10,K-12
,,Henley Middle School,,Klamath,96.50,K-12
,,Henley Transition House,,Klamath,95.20,K-12
,,Keno Elementary School,,Klamath,92.50,K-12
,,Klamath Adult Learning Center,,Klamath,98.70,K-12
,,Klamath Basin Behavioral Health,,Klamath,100.00,K-12
,,Klamath Falls Adventist Christian School,,Klamath,58.30,K-12
,,Klamath Union/Almeda House,,Klamath,99.10,K-12
,,Lost River Junior Senior High School,,Klamath,99.20,K-12
,,Malin Elementary School,,Klamath,99.10,K-12
,,Mazama High School,,Klamath,99.40,K-12
,,Merrill Elementary School,,Klamath,97.30,K-12
,,Mills Elementary School,,Klamath,96.20,K-12
,,Pelican Elementary School,,Klamath,95.10,K-12
,,Peterson Elementary School,,Klamath,96.70,K-12
,,PONDEROSA MIDDLE SCHOOL,,Klamath,97.70,K-12
,,Roosevelt Elementary School,,Klamath,97.70,K-12
,,Shasta Elementary School,,Klamath,96.60,K-12
,,Stearns Elementary School,,Klamath,97.20,K-12
,,A D Hay School and Fremont School,,Lake,92.50,K-12
,,Adel School,,Lake,90.90,K-12
,,Lakeview Daly Middle School,,Lake,90.20,K-12
,,Lakeview Senior High School ,,Lake,96.80,K-12
,,North Lake School,,Lake,93.80,K-12
,,Paisley School District-Brick,,Lake,89.50,K-12
,,Paisley School District/Charter School,,Lake,75.90,K-12
,,Solid Rock Christian School,,Lake,95.80,K-12
,,Union Elementary,,Lake,97.60,K-12
,,Academy for Character Education Charter School,,Lane,84.40,K-12
,,Academy of Arts & Academics,,Lane,90.10,K-12
,,Adams Elementary School,,Lane,95.10,K-12
,,Agnes Stewart Middle School,,Lane,99.30,K-12
,,Al Kennedy High School,,Lane,80.50,K-12
,,Applegate Elementary,,Lane,93.90,K-12
,,Arts and Technology Academy,,Lane,91.30,K-12
,,Awbrey Park Elementary School,,Lane,96.70,K-12
,,Bohemia Elementary School,,Lane,88.40,K-12
,,Bridge Charter Academy,,Lane,79.90,K-12
,,Bridgeway House School,,Lane,90.20,K-12
,,Briggs Middle School,,Lane,98.10,K-12
,,Buena Vista Elementary School,,Lane,98.20,K-12
,,Cal Young Middle School,,Lane,95.90,K-12
,,Camas Ridge Community Elementary,,Lane,95.50,K-12
,,Cascade Middle School,,Lane,97.70,K-12
,,Centennial Elementary School,,Lane,95.90,K-12
,,Charlemagne French Immersion,,Lane,96.20,K-12
,,Chavez Elementary,,Lane,95.30,K-12
,,Child's Way Charter,,Lane,92.90,K-12
,,Chinese Immersion School,,Lane,93.90,K-12
,,Churchill High School,,Lane,94.40,K-12
,,City First Christian Academy,,Lane,94.60,K-12
,,Clear Lake Elementary,,Lane,95.90,K-12
,,Coburg Community Charter School,,Lane,97.70,K-12
,,Community Living Program,,Lane,95.70,K-12
,,Community Transition Program,,Lane,100.00,K-12
,,Cottage Grove Christian School,,Lane,89.50,K-12
,,Cottage Grove High School,,Lane,93.30,K-12
,,Creslane Elementary School,,Lane,92.90,K-12
,,Creswell Christian Academy,,Lane,97.50,K-12
,,Creswell Christian Child Care Center,,Lane,81.00,K-12
,,Creswell High School,,Lane,94.60,K-12
,,Creswell Middle School,,Lane,96.00,K-12
,,Crow Middle/High School,,Lane,90.30,K-12
,,Danebo Elementary,,Lane,97.50,K-12
,,Dorena Elementary School,,Lane,93.20,K-12
,,Douglas Gardens Elementary,,Lane,98.50,K-12
,,Edgewood Community School,,Lane,93.40,K-12
,,Edison Elementary School,,Lane,93.80,K-12
,,Elizabeth Page Elementary,,Lane,98.00,K-12
,,Elmira Elementary School,,Lane,94.20,K-12
,,Elmira High School,,Lane,97.40,K-12
,,Elmira High School Options Program,,Lane,100.00,K-12
,,Emerald Christian Academy,,Lane,76.80,K-12
,,Eugene Christian School,,Lane,95.60,K-12
,,Eugene Waldorf School,,Lane,50.60,K-12
,,Fairfield Elementary,,Lane,95.80,K-12
,,Family School,,Lane,78.80,K-12
,,Far Horizons Montessori,,Lane,87.80,K-12
,,Fern Ridge Middle School,,Lane,97.50,K-12
,,Gateways High School,,Lane,100.00,K-12
,,GED Program,,Lane,100.00,K-12
,,GED Program 4j,,Lane,94.10,K-12
,,Gilham Elementary School,,Lane,95.60,K-12
,,Guy Lee Elementary,,Lane,94.70,K-12
,,Hamlin Middle School,,Lane,96.90,K-12
,,Harrison Elementary School,,Lane,89.80,K-12
,,Holt Elementary School,,Lane,95.80,K-12
,,Howard Elementary School,,Lane,96.00,K-12
,,Irving Elementary,,Lane,96.00,K-12
,,Jasper Mountain School,,Lane,100.00,K-12
,,Jasper Mountain School- SAFE Center,,Lane,100.00,K-12
,,Junction City High School,,Lane,96.80,K-12
,,Kalapuya High School,,Lane,98.10,K-12
,,Kelly Middle School,,Lane,96.10,K-12
,,Kennedy Middle School,,Lane,94.40,K-12
,,Lane School,,Lane,93.50,K-12
,,Laurel Elementary School,,Lane,94.70,K-12
,,Lincoln Middle School,,Lane,92.40,K-12
,,London Elementary School,,Lane,91.30,K-12
,,Looking Glass Center Point School,,Lane,100.00,K-12
,,Looking Glass Riverfront School,,Lane,100.00,K-12
,,Lowell Junior/Senior High School,,Lane,89.90,K-12
,,Lundy  Elementary School,,Lane,96.30,K-12
,,Madison Middle School,,Lane,97.80,K-12
,,Malabon Elementary,,Lane,95.90,K-12
,,Mannahouse Christian Academy,,Lane,91.70,K-12
,,Maple Elementary,,Lane,96.50,K-12
,,Mapleton Elementary,,Lane,83.60,K-12
,,Mapleton High School,,Lane,90.30,K-12
,,Marcola Elementary,,Lane,95.80,K-12
,,Marist Catholic High School,,Lane,99.50,K-12
,,Martin Luther King Education Center,,Lane,100.00,K-12
,,McCornack Elementary School,,Lane,97.00,K-12
,,McKenzie Montessori Institute,,Lane,100.00,K-12
,,McKenzie School District #68,,Lane,87.90,K-12
,,Meadow View School,,Lane,95.40,K-12
,,Mohawk High School,,Lane,97.40,K-12
,,Monroe Middle School,,Lane,96.60,K-12
,,Mountain View Academy,,Lane,88.70,K-12
,,Mt Vernon Elementary,,Lane,97.20,K-12
,,Nature Discovery Christian Academy,,Lane,100.00,K-12
,,Network Charter School,,Lane,87.70,K-12
,,North Eugene High School,,Lane,96.60,K-12
,,O'Hara Catholic School,,Lane,97.60,K-12
,,Oak Hill School,,Lane,95.00,K-12
,,Oaklea Middle School,,Lane,98.20,K-12
,,Oakridge  High School,,Lane,92.50,K-12
,,Oakridge Elementary School,,Lane,93.70,K-12
,,Oakridge Junior High,,Lane,94.80,K-12
,,Part-Time - Alt Ed/Special Prog,,Lane,91.40,K-12
,,Pleasant Hill Elementary School,,Lane,92.60,K-12
,,Pleasant Hill High School,,Lane,95.80,K-12
,,Prairie Mountain,,Lane,96.10,K-12
,,Ridgeline Montessori ,,Lane,86.80,K-12
,,Ridgeview Elementary,,Lane,95.30,K-12
,,River Road/El Camino del Rio Elementary School,,Lane,96.40,K-12
,,Riverbend Elementary,,Lane,97.80,K-12
,,Riverview Center for Growth,,Lane,100.00,K-12
,,Roosevelt Middle School,,Lane,94.00,K-12
,,Shasta Middle School,,Lane,96.40,K-12
,,Sheldon High School,,Lane,97.10,K-12
,,Shoreline Christian School ,,Lane,67.60,K-12
,,Siuslaw Elementary School,,Lane,92.20,K-12
,,Siuslaw High School,,Lane,95.00,K-12
,,Siuslaw Middle School,,Lane,93.80,K-12
,,South Eugene High School,,Lane,91.30,K-12
,,Spencer Butte Middle School,,Lane,91.10,K-12
,,Spring Creek Elementary School,,Lane,95.60,K-12
,,Springfield Christian Kindergarten and Preschool,,Lane,90.00,K-12
,,Springfield High School,,Lane,98.60,K-12
,,SPS On-Line Elementary,,Lane,100.00,K-12
,,SPS On-Line High,,Lane,100.00,K-12
,,SPS On-Line Middle,,Lane,100.00,K-12
,,St Paul Parish School,,Lane,98.00,K-12
,,St Thomas Becket Academy,,Lane,50.00,K-12
,,Territorial Elementary,,Lane,93.90,K-12
,,Thurston Elementary,,Lane,95.70,K-12
,,Thurston High School,,Lane,98.20,K-12
,,Thurston Middle School,,Lane,97.70,K-12
,,Triangle Lake Charter Elementary School,,Lane,77.40,K-12
,,Triangle Lake Charter High School,,Lane,80.30,K-12
,,Triangle Lake Charter Middle School,,Lane,84.00,K-12
,,Twin Oaks Elementary School,,Lane,94.10,K-12
,,Twin Rivers Charter School,,Lane,90.00,K-12
,,Two Rivers Dos Rios Elementary,,Lane,97.60,K-12
,,Veneta Elementary,,Lane,95.00,K-12
,,Village School,,Lane,58.20,K-12
,,Walterville Elementary,,Lane,97.50,K-12
,,Wellsprings Friends School,,Lane,96.20,K-12
,,West Lane Charter School,,Lane,93.90,K-12
,,Willagillespie Elementary School,,Lane,95.50,K-12
,,Willamette High School,,Lane,98.40,K-12
,,Willamette Leadership Academy,,Lane,95.50,K-12
,,Yolanda Elementary,,Lane,94.80,K-12
,,Yujin Gakuen Elementary,,Lane,94.70,K-12
,,Compass school,,Lincoln,96.00,K-12
,,Crestview Heights,,Lincoln,94.70,K-12
,,Eddyville Secondary Charter School,,Lincoln,95.40,K-12
,,FUTURE BOUND WEST ,,Lincoln,100.00,K-12
,,LC Career Tech High School,,Lincoln,96.70,K-12
,,Lincoln City Christian School ,,Lincoln,92.30,K-12
,,Newport High,,Lincoln,97.20,K-12
,,Newport Middle,,Lincoln,97.60,K-12
,,Oceanlake Elementary,,Lincoln,91.00,K-12
,,Sam Case Elementary,,Lincoln,96.40,K-12
,,Siletz Valley Charter School,,Lincoln,95.30,K-12
,,South Beach Christian School,,Lincoln,71.80,K-12
,,St James Santiago School,,Lincoln,93.80,K-12
,,Taft Elementary,,Lincoln,92.40,K-12
,,Taft Junior/Senior High School,,Lincoln,96.80,K-12
,,Toledo Elementary,,Lincoln,96.70,K-12
,,Toledo Jr/High School,,Lincoln,99.20,K-12
,,Waldport Middle/High School,,Lincoln,98.10,K-12
,,YAQUINA VIEW ELEMENTARY,,Lincoln,96.80,K-12
,,Albany Christian School,,Linn,88.70,K-12
,,Albany Online,,Linn,97.20,K-12
,,Albany Options School,,Linn,99.10,K-12
,,Calapooia Middle School,,Linn,97.30,K-12
,,Cascades Elementary School,,Linn,94.90,K-12
,,Centennial Elementary,,Linn,94.20,K-12
,,Central Elementary,,Linn,95.50,K-12
,,Central Linn Elementary School,,Linn,91.20,K-12
,,Central Linn Middle/High School,,Linn,95.10,K-12
,,Central Valley Christian School,,Linn,85.00,K-12
,,East Linn Christian Academy,,Linn,97.20,K-12
,,Evergreen Mennonite School,,Linn,100.00,K-12
,,Foster Elementary,,Linn,91.30,K-12
,,Garden of Life/Standard Christian School,,Linn,75.00,K-12
,,Green Acres School,,Linn,94.70,K-12
,,Hamilton Creek School,,Linn,95.40,K-12
,,Harrisburg Elementary,,Linn,90.50,K-12
,,Harrisburg High School,,Linn,96.20,K-12
,,Harrisburg Middle School,,Linn,94.30,K-12
,,Hawthorne Elementary,,Linn,90.60,K-12
,,Holley Elementary,,Linn,95.80,K-12
,,Lacomb School,,Linn,89.70,K-12
,,Lafayette Elementary School,,Linn,94.80,K-12
,,Lake Creek Mennonite School,,Linn,38.50,K-12
,,Lake Town Academy,,Linn,81.80,K-12
,,Lebanon High School,,Linn,96.00,K-12
,,Liberty Elementary School,,Linn,97.10,K-12
,,Lighthouse Mennonite School,,Linn,43.30,K-12
,,Lourdes,,Linn,70.50,K-12
,,Mari-Linn,,Linn,90.40,K-12
,,Meadow Ridge Elementary School,,Linn,94.60,K-12
,,Memorial Middle School,,Linn,98.60,K-12
,,Oak Elementary School,,Linn,96.10,K-12
,,Oak Heights Elementary School,,Linn,92.20,K-12
,,Oakville Community Christian,,Linn,50.00,K-12
,,Oregon Charter Academy,,Linn,90.40,K-12
,,Periwinkle Elementary School,,Linn,95.10,K-12
,,Pioneer Christian Academy,,Linn,50.00,K-12
,,Pioneer School,,Linn,94.20,K-12
,,Riverview School,,Linn,92.40,K-12
,,Sand Ridge Charter School,,Linn,90.60,K-12
,,Santiam Elementary School,,Linn,92.70,K-12
,,Santiam JR/SR High School,,Linn,92.80,K-12
,,Scio High School,,Linn,97.10,K-12
,,Scio Middle School,,Linn,97.30,K-12
,,Seven Oak Middle School,,Linn,96.10,K-12
,,South Albany High School,,Linn,99.30,K-12
,,South Shore Elementary ,,Linn,96.30,K-12
,,Sunrise Elementary School,,Linn,95.00,K-12
,,Sweet Home Charter School,,Linn,92.70,K-12
,,Sweet Home High School,,Linn,94.50,K-12
,,Sweet Home Junior High School,,Linn,96.00,K-12
,,Takena Elementary School,,Linn,88.80,K-12
,,Tangent Elementary School,,Linn,93.30,K-12
,,Three Lakes High School (OYA),,Linn,94.30,K-12
,,Timber Ridge School,,Linn,97.00,K-12
,,Waverly Elementary School,,Linn,94.70,K-12
,,West Albany High School,,Linn,97.70,K-12
,,Willamette Connections Academy,,Linn,91.70,K-12
,,Adrian Elementary & Middle School,,Malheur,96.90,K-12
,,Adrian High School,,Malheur,98.90,K-12
,,Aiken Elementary School,,Malheur,98.50,K-12
,,Alameda Elementary,,Malheur,94.70,K-12
,,Annex  Charter School,,Malheur,83.10,K-12
,,Cairo Elementary School,,Malheur,99.20,K-12
,,Four Rivers Community School K-5,,Malheur,95.90,K-12
,,Four Rivers Junior Preparatory,,Malheur,98.90,K-12
,,Four Rivers Senior Preparatory,,Malheur,100.00,K-12
,,Harper Charter School,,Malheur,98.60,K-12
,,Jordan Valley Elementary School (JV Elementary),,Malheur,82.60,K-12
,,Jordan Valley High School,,Malheur,92.30,K-12
,,May Roberts Elementary,,Malheur,98.00,K-12
,,Nyssa Elementary School,,Malheur,98.00,K-12
,,Nyssa High School,,Malheur,99.40,K-12
,,Nyssa Middle School,,Malheur,99.60,K-12
,,Ontario High School,,Malheur,98.90,K-12
,,Ontario Middle School,,Malheur,98.40,K-12
,,Pioneer Elementary  School,,Malheur,99.10,K-12
,,St Peter Catholic School,,Malheur,94.30,K-12
,,Vale Elementary School,,Malheur,92.70,K-12
,,Vale High School,,Malheur,97.20,K-12
,,Vale Middle School,,Malheur,97.20,K-12
,,W.W. Jones Elementary - Arock School,,Malheur,100.00,K-12
,,Willowcreek Elementary School,,Malheur,90.80,K-12
,,Abiqua Academy,,Marion,95.60,K-12
,,Ark Angels Preschool/ Our Saviour's Christian Elem.,,Marion,89.10,K-12
,,Auburn Elementary,,Marion,98.50,K-12
,,Aumsville Elementary,,Marion,96.10,K-12
,,Battle Creek Elementary,,Marion,95.00,K-12
,,Bethany Charter School,,Marion,88.90,K-12
,,BIC,,Marion,100.00,K-12
,,Blanchet Catholic School,,Marion,97.70,K-12
,,Bush Elementary,,Marion,96.60,K-12
,,"Buttercup Hill, Inc",,Marion,95.70,K-12
,,Candalaria Elementary,,Marion,97.60,K-12
,,Capital Christian School,,Marion,91.10,K-12
,,Cascade Junior High School,,Marion,95.90,K-12
,,Cascade Opportunity Center ,,Marion,100.00,K-12
,,Cascade Senior High School,,Marion,98.70,K-12
,,Cascade View Christian School,,Marion,75.90,K-12
,,Centennial CTP,,Marion,94.40,K-12
,,Central Howell Elementary,,Marion,92.10,K-12
,,Cesar E Chavez Elementary,,Marion,97.50,K-12
,,Chemawa Indian School,,Marion,100.00,K-12
,,Chemeketa CTP,,Marion,93.80,K-12
,,Chesterton Academy of the Willamette Valley,,Marion,72.20,K-12
,,Claggett Creek Middle School,,Marion,91.30,K-12
,,Clear Lake Elementary,,Marion,97.30,K-12
,,Cloverdale Elementary School #5,,Marion,92.70,K-12
,,Coram Deo Academy,,Marion,57.10,K-12
,,Crosshill Christian School ,,Marion,89.90,K-12
,,Crossler Middle School,,Marion,96.70,K-12
,,Cummings Elementary,,Marion,95.90,K-12
,,Eagle Charter School,,Marion,95.90,K-12
,,Early College High School,,Marion,97.40,K-12
,,Englewood Elementary,,Marion,96.50,K-12
,,Evergreen Elementary School #4,,Marion,84.60,K-12
,,Eyre Elementary,,Marion,98.80,K-12
,,Forest Ridge Elementary,,Marion,95.80,K-12
,,Four Corners Elementary School,,Marion,96.90,K-12
,,French Prairie Middle School #103,,Marion,98.10,K-12
,,Frontier Charter Academy,,Marion,80.10,K-12
,,Gervais Elementary,,Marion,94.60,K-12
,,Gervais High,,Marion,92.70,K-12
,,Gervais Middle School,,Marion,96.00,K-12
,,Grant Elementary School,,Marion,99.60,K-12
,,Gubser Elementary,,Marion,94.10,K-12
,,Hallman Elementary,,Marion,97.40,K-12
,,Hammond Elementary,,Marion,96.70,K-12
,,Hayesville Elementary,,Marion,98.60,K-12
,,Heritage Elementary,,Marion,87.30,K-12
,,Heritage School,,Marion,100.00,K-12
,,Highland Elementary,,Marion,96.40,K-12
,,Holy Family Academy,,Marion,64.60,K-12
,,Hoover Elementary,,Marion,97.70,K-12
,,Houck Middle,,Marion,98.00,K-12
,,Howard St. Charter School,,Marion,95.10,K-12
,,Immanuel Lutheran School,,Marion,92.50,K-12
,,Independent Living,,Marion,100.00,K-12
,,Jane Goodall Charter School,,Marion,96.80,K-12
,,Jefferson Elementary,,Marion,94.60,K-12
,,Jefferson High School,,Marion,97.40,K-12
,,Jefferson Middle School,,Marion,96.10,K-12
,,John F. Kennedy High School,,Marion,97.00,K-12
,,Judson Middle,,Marion,98.40,K-12
,,Keizer Elementary,,Marion,97.70,K-12
,,Kennedy Elementary,,Marion,98.00,K-12
,,Lamb Elementary,,Marion,97.90,K-12
,,Lee Elementary,,Marion,97.60,K-12
,,Leslie Middle School,,Marion,97.60,K-12
,,Liberty Elementary,,Marion,97.10,K-12
,,Lincoln Elementary #103,,Marion,97.80,K-12
,,Livingstone Adventist Academy,,Marion,82.20,K-12
,,MacLaren - Lord High (OYA),,Marion,93.50,K-12
,,Mark Twain Elementary School,,Marion,94.00,K-12
,,McKay High School,,Marion,98.60,K-12
,,McKinley Elementary,,Marion,98.20,K-12
,,McNary High School,,Marion,98.60,K-12
,,Micah CTP,,Marion,100.00,K-12
,,Miller Elementary,,Marion,96.40,K-12
,,Montessori Discovery Center 1,,Marion,100.00,K-12
,,Montessori Discovery Center 2,,Marion,100.00,K-12
,,Morningside Elementary,,Marion,96.20,K-12
,,Mt. Angel Middle School,,Marion,92.20,K-12
,,Nellie Muir Elementary #103,,Marion,97.60,K-12
,,North Marion High #15,,Marion,97.50,K-12
,,North Marion Intermediate #15,,Marion,95.30,K-12
,,North Marion Middle #15,,Marion,95.90,K-12
,,North Marion Primary #15,,Marion,92.00,K-12
,,North Salem High,,Marion,98.30,K-12
,,OLE Charter School,,Marion,96.90,K-12
,,Oregon School for the Deaf,,Marion,97.10,K-12
,,Outlook Christian School,,Marion,100.00,K-12
,,Parrish Middle School,,Marion,98.50,K-12
,,Pratum Elementary,,Marion,95.60,K-12
,,Pringle Elementary,,Marion,97.30,K-12
,,Queen of Peace Catholic School,,Marion,97.30,K-12
,,Regis High School,,Marion,97.40,K-12
,,Regis St. Mary's PK-8th - Stayton,,Marion,96.70,K-12
,,Richmond Elementary,,Marion,98.10,K-12
,,Riverfront Learning Center CTP,,Marion,93.20,K-12
,,Robert Frost School #4,,Marion,91.90,K-12
,,Roberts High At Chemeketa,,Marion,95.50,K-12
,,Roberts High School Chemeketa GED,,Marion,95.80,K-12
,,Roberts High School DTLC,,Marion,95.00,K-12
,,Roberts High School SLC,,Marion,100.00,K-12
,,Roberts Middle School ,,Marion,96.60,K-12
,,Sacred Heart - Gervais,,Marion,93.60,K-12
,,Salem Academy Elementary,,Marion,91.00,K-12
,,Salem Academy High School,,Marion,95.00,K-12
,,Salem Academy Middle School,,Marion,99.10,K-12
,,Salem Heights Elementary,,Marion,95.30,K-12
,,Schirle Elementary,,Marion,96.50,K-12
,,Scott Elementary,,Marion,97.50,K-12
,,Scotts Mills #4,,Marion,85.40,K-12
,,Silver Crest Elementary,,Marion,90.30,K-12
,,Silver Falls Christian School,,Marion,95.80,K-12
,,Silverleaf School,,Marion,100.00,K-12
,,Silverton High,,Marion,89.60,K-12
,,Silverton Middle School,,Marion,92.00,K-12
,,South Salem High School,,Marion,98.00,K-12
,,Sprague High School,,Marion,97.70,K-12
,,St. Joseph's School,,Marion,96.30,K-12
,,St. Luke's - Woodburn,,Marion,96.60,K-12
,,St. Mary's Elementary,,Marion,90.60,K-12
,,St. Paul Elementary,,Marion,94.40,K-12
,,St. Paul High,,Marion,97.80,K-12
,,St. Paul Parochial,,Marion,99.00,K-12
,,St. Vincent De Paul Catholic School ,,Marion,95.80,K-12
,,Stayton Elementary #29,,Marion,97.20,K-12
,,Stayton High School,,Marion,97.50,K-12
,,Stayton Intermediate,,Marion,96.50,K-12
,,Stayton Middle School #29,,Marion,95.20,K-12
,,Stayton Options Academy,,Marion,94.70,K-12
,,Stayton Virtual Academy,,Marion,96.20,K-12
,,Stephens Middle School,,Marion,98.00,K-12
,,Sublimity Elementary SD 7,,Marion,97.70,K-12
,,Summit CTP,,Marion,83.30,K-12
,,Sumpter Elementary,,Marion,97.90,K-12
,,Swegle Elementary,,Marion,98.40,K-12
,,The Community Roots School,,Marion,69.10,K-12
,,Truth Tabernacle Christian Academy,,Marion,100.00,K-12
,,Turner Elementary #5,,Marion,97.10,K-12
,,Valley Inquiry Charter,,Marion,93.20,K-12
,,Valor Middle School #103,,Marion,94.70,K-12
,,Victor Point Elementary School,,Marion,93.50,K-12
,,Waldo Middle School,,Marion,98.30,K-12
,,Washington Elementary,,Marion,97.20,K-12
,,Washington Elementary-Woodburn,,Marion,96.40,K-12
,,Weddle Elementary,,Marion,96.50,K-12
,,Whiteaker Middle,,Marion,96.60,K-12
,,Willamette Valley Christian School,,Marion,85.60,K-12
,,Woodburn Arthur Academy,,Marion,94.30,K-12
,,Woodburn High School ,,Marion,97.70,K-12
,,Woodburn Success High School,,Marion,100.00,K-12
,,Wright Elementary,,Marion,95.10,K-12
,,WSD Continuation Program,,Marion,88.70,K-12
,,Yoshikai Elementary,,Marion,99.10,K-12
,,Young Voyagers Montessori School of Arts,,Marion,85.70,K-12
,,AC Houghton Elementary,,Morrow,99.10,K-12
,,Heppner Elementary,,Morrow,91.30,K-12
,,Heppner High/Middle School,,Morrow,98.70,K-12
,,Ione Community School,,Morrow,91.70,K-12
,,Irrigon Elementary,,Morrow,100.00,K-12
,,Irrigon Junior-Senior High School,,Morrow,99.70,K-12
,,Morrow Education Center,,Morrow,100.00,K-12
,,Riverside Junior Senior High School,,Morrow,99.80,K-12
,,Sam Boardman Elementary,,Morrow,96.90,K-12
,,Windy River Elementary,,Morrow,99.20,K-12
,,Abernethy ES,,Multnomah,98.10,K-12
,,Access,,Multnomah,97.50,K-12
,,Activate School,,Multnomah,100.00,K-12
,,Ainsworth ES,,Multnomah,97.10,K-12
,,Alameda ES,,Multnomah,97.50,K-12
,,Alder ES,,Multnomah,97.30,K-12
,,Alice Ott MS,,Multnomah,94.10,K-12
,,All Saints Catholic School,,Multnomah,99.30,K-12
,,Alliance HS @ Benson Campus,,Multnomah,96.90,K-12
,,Alliance HS @ Meek Campus,,Multnomah,88.10,K-12
,,Arata Creek,,Multnomah,96.60,K-12
,,Arleta ES,,Multnomah,95.90,K-12
,,Astor K-8,,Multnomah,96.80,K-12
,,Atkinson ES,,Multnomah,96.20,K-12
,,Beach ES,,Multnomah,97.20,K-12
,,Beaumont MS,,Multnomah,98.10,K-12
,,Benson Polytechnic HS,,Multnomah,95.20,K-12
,,Beverly Cleary K-8,,Multnomah,97.50,K-12
,,Boise-Eliot/Humboldt ES,,Multnomah,91.10,K-12
,,Bridger Creative Science School,,Multnomah,91.40,K-12
,,Bridges Middle School,,Multnomah,98.30,K-12
,,Bridlemile ES,,Multnomah,95.20,K-12
,,Buckman ES,,Multnomah,91.80,K-12
,,Burlingame Creek,,Multnomah,100.00,K-12
,,Butler Creek ES,,Multnomah,91.20,K-12
,,Capitol Hill ES,,Multnomah,97.20,K-12
,,Cathedral School,,Multnomah,96.60,K-12
,,Cedarwood Waldorf School,,Multnomah,83.20,K-12
,,Centennial HS,,Multnomah,96.40,K-12
,,Centennial MS,,Multnomah,95.30,K-12
,,Center for Advanced Learning,,Multnomah,97.90,K-12
,,Central Catholic High School,,Multnomah,99.20,K-12
,,Cesar Chavez School K-8,,Multnomah,97.10,K-12
,,Chapman ES,,Multnomah,95.20,K-12
,,Cherry Park ES,,Multnomah,93.60,K-12
,,Chief Joseph ES,,Multnomah,96.60,K-12
,,Childpeace Montessori,,Multnomah,98.90,K-12
,,Children's Valley Academy,,Multnomah,39.70,K-12
,,Clark ES,,Multnomah,92.60,K-12
,,CLASS Academy,,Multnomah,98.00,K-12
,,Clear Creek MS,,Multnomah,97.80,K-12
,,Cleveland HS,,Multnomah,95.50,K-12
,,Columbia Christian School,,Multnomah,91.30,K-12
,,Community Transition Program,,Multnomah,97.00,K-12
,,Corbett Arts Program w/ Spanish: 6-8,,Multnomah,80.70,K-12
,,Corbett Arts Program w/ Spanish: K-5,,Multnomah,76.50,K-12
,,Corbett Grade School,,Multnomah,88.00,K-12
,,Corbett HS,,Multnomah,91.90,K-12
,,Corbett MS,,Multnomah,94.70,K-12
,,"Cottonwood School, The",,Multnomah,89.50,K-12
,,Creston ES,,Multnomah,97.50,K-12
,,CTC Northeast,,Multnomah,96.60,K-12
,,CTC Southeast,,Multnomah,97.40,K-12
,,David Douglas Arthur Academy Charter,,Multnomah,95.40,K-12
,,David Douglas HS,,Multnomah,96.40,K-12
,,DaVinci Arts MS,,Multnomah,91.50,K-12
,,Davis ES,,Multnomah,93.90,K-12
,,De La Salle North Catholic HS,,Multnomah,98.20,K-12
,,Deep Creek - Damascus ES,,Multnomah,87.90,K-12
,,Deep Creek - Damascus MS,,Multnomah,94.10,K-12
,,Dexter McCarty MS,,Multnomah,96.60,K-12
,,Dr. Martin Luther King Jr. ES,,Multnomah,96.40,K-12
,,Duniway ES,,Multnomah,96.30,K-12
,,Earl Boyles ES,,Multnomah,96.40,K-12
,,East Gresham ES,,Multnomah,92.50,K-12
,,East Orient ES,,Multnomah,92.20,K-12
,,Eighth Street Academy,,Multnomah,74.90,K-12
,,Fairview ES,,Multnomah,95.00,K-12
,,Faubion PK-8,,Multnomah,94.50,K-12
,,Fir Ridge Campus,,Multnomah,98.60,K-12
,,Floyd Light MS,,Multnomah,95.80,K-12
,,Forest Park ES,,Multnomah,96.50,K-12
,,Franciscan Montessori Earth School,,Multnomah,87.10,K-12
,,Franklin HS,,Multnomah,94.20,K-12
,,French American International School,,Multnomah,96.70,K-12
,,George MS,,Multnomah,95.90,K-12
,,Gilbert Heights ES,,Multnomah,92.60,K-12
,,Gilbert Park ES,,Multnomah,94.10,K-12
,,Glencoe ES,,Multnomah,97.80,K-12
,,Glenfair ES,,Multnomah,98.60,K-12
,,Gordon Russell MS,,Multnomah,96.10,K-12
,,Grace Lutheran School,,Multnomah,97.60,K-12
,,Grant HS,,Multnomah,96.10,K-12
,,Greater Portland Christian Academy,,Multnomah,67.40,K-12
,,Gresham Arthur Academy,,Multnomah,94.70,K-12
,,Gresham HS,,Multnomah,96.90,K-12
,,Grout ES,,Multnomah,97.00,K-12
,,Hall ES,,Multnomah,96.80,K-12
,,Harriet Tubman MS,,Multnomah,97.20,K-12
,,Harrison Park K-8,,Multnomah,95.50,K-12
,,Hartley ES,,Multnomah,95.30,K-12
,,Hayhurst ES,,Multnomah,96.40,K-12
,,HB Lee MS,,Multnomah,98.90,K-12
,,Helensview School,,Multnomah,98.40,K-12
,,Highland ES,,Multnomah,96.90,K-12
,,Hogan Cedars ES,,Multnomah,93.00,K-12
,,HOLLA School,,Multnomah,80.60,K-12
,,Hollydale ES,,Multnomah,95.70,K-12
,,Holy Cross Catholic School,,Multnomah,100.00,K-12
,,Holy Family Catholic School,,Multnomah,96.50,K-12
,,Holy Redeemer Catholic School,,Multnomah,99.60,K-12
,,Hosford International MS,,Multnomah,94.80,K-12
,,Ida B Wells-Barnett HS,,Multnomah,96.30,K-12
,,Irvington ES,,Multnomah,97.40,K-12
,,Islamic School of Portland,,Multnomah,100.00,K-12
,,"Ivy School, The",,Multnomah,82.00,K-12
,,Jackson MS,,Multnomah,94.80,K-12
,,James John ES,,Multnomah,94.80,K-12
,,Jefferson HS,,Multnomah,95.90,K-12
,,KairosPDX,,Multnomah,91.30,K-12
,,Kellogg MS,,Multnomah,96.40,K-12
,,Kelly Creek ES,,Multnomah,95.40,K-12
,,Kelly ES,,Multnomah,78.10,K-12
,,Knott Creek,,Multnomah,100.00,K-12
,,L'Etoile French Immersion School,,Multnomah,100.00,K-12
,,Lane MS,,Multnomah,94.30,K-12
,,Laurelhurst K-8,,Multnomah,97.90,K-12
,,Le Monde French Immersion,,Multnomah,94.70,K-12
,,Lee ES,,Multnomah,97.20,K-12
,,Lent ES,,Multnomah,97.80,K-12
,,Leodis V McDaniel HS,,Multnomah,96.90,K-12
,,Lewis and Clark Montessori Charter School,,Multnomah,90.00,K-12
,,Lewis ES,,Multnomah,94.60,K-12
,,Lincoln HS,,Multnomah,96.50,K-12
,,Lincoln Park ES,,Multnomah,92.00,K-12
,,Llewellyn ES,,Multnomah,98.20,K-12
,,Maimonides Jewish Day School,,Multnomah,100.00,K-12
,,Mannahouse Christian Academy,,Multnomah,89.70,K-12
,,Maplewood ES,,Multnomah,97.00,K-12
,,Margaret Scott ES,,Multnomah,94.40,K-12
,,Markham ES,,Multnomah,95.50,K-12
,,Marysville ES,,Multnomah,95.50,K-12
,,ME Web Academy Elementary School,,Multnomah,81.40,K-12
,,ME Web Academy High School,,Multnomah,92.20,K-12
,,ME Web Academy Middle School,,Multnomah,96.00,K-12
,,Meadows ES,,Multnomah,94.90,K-12
,,Menlo Park ES,,Multnomah,96.10,K-12
,,Metropolitan Learning Center K-8,,Multnomah,94.10,K-12
,,Metropolitan Learning Ctr HS,,Multnomah,95.50,K-12
,,Mill Park ES,,Multnomah,96.20,K-12
,,Morrison Counterpoint,,Multnomah,50.00,K-12
,,Mt Scott Learning Center,,Multnomah,88.90,K-12
,,Mt Tabor MS,,Multnomah,93.40,K-12
,,Multisensory Learning Academy (MLA) ES,,Multnomah,96.80,K-12
,,Multisensory Learning Academy (MLA) MS,,Multnomah,93.60,K-12
,,Multnomah Inverness School,,Multnomah,47.40,K-12
,,Multnomah Inverness School - MCDC,,Multnomah,83.30,K-12
,,NAYA Many Nations Academy,,Multnomah,95.30,K-12
,,North Gresham ES,,Multnomah,94.70,K-12
,,Northwest Academy,,Multnomah,97.60,K-12
,,Ockley Green MS,,Multnomah,95.60,K-12
,,Odyssey Program K-8,,Multnomah,96.00,K-12
,,Oliver MS,,Multnomah,95.70,K-12
,,Open Door Christian Academy,,Multnomah,69.20,K-12
,,Open School,,Multnomah,100.00,K-12
,,Pacific Crest Community School,,Multnomah,98.90,K-12
,,Parklane Elementary,,Multnomah,95.50,K-12
,,Parkrose HS,,Multnomah,96.40,K-12
,,Parkrose MS,,Multnomah,97.60,K-12
,,Patrick Lynch ES,,Multnomah,91.70,K-12
,,Peninsula ES,,Multnomah,97.00,K-12
,,Pioneer 5-8 @ Youngson,,Multnomah,97.30,K-12
,,Pioneer HS,,Multnomah,90.90,K-12
,,Pioneer K-6 @ Holladay Center,,Multnomah,86.70,K-12
,,Pleasant Valley ES,,Multnomah,89.20,K-12
,,Portland Adventist Academy,,Multnomah,95.20,K-12
,,Portland Adventist Elementary School,,Multnomah,81.90,K-12
,,Portland Arthur Academy Charter,,Multnomah,95.00,K-12
,,Portland Christian Elementary School,,Multnomah,90.40,K-12
,,Portland Christian Jr/Sr High School,,Multnomah,91.90,K-12
,,Portland Forest School of the Pacific Northwest,,Multnomah,87.20,K-12
,,Portland Jewish Academy,,Multnomah,98.80,K-12
,,Portland Village School,,Multnomah,83.40,K-12
,,Powell Butte ES,,Multnomah,96.50,K-12
,,Powell Valley ES,,Multnomah,94.00,K-12
,,Prescott ES,,Multnomah,92.60,K-12
,,Puddletown School,,Multnomah,96.50,K-12
,,Renaissance School of Arts and Sciences,,Multnomah,93.60,K-12
,,REY Academy HS,,Multnomah,94.40,K-12
,,REY Academy MS,,Multnomah,100.00,K-12
,,Reynolds Arthur Academy,,Multnomah,85.40,K-12
,,Reynolds HS,,Multnomah,98.00,K-12
,,Reynolds Learning Academy - West,,Multnomah,99.40,K-12
,,Reynolds MS,,Multnomah,96.30,K-12
,,Richmond ES,,Multnomah,98.10,K-12
,,Rieke ES,,Multnomah,97.60,K-12
,,Rigler ES,,Multnomah,97.60,K-12
,,Riverdale Grade School 5-8,,Multnomah,95.80,K-12
,,Riverdale Grade School K-4,,Multnomah,93.70,K-12
,,Riverdale High School,,Multnomah,96.80,K-12
,,Robert Gray MS,,Multnomah,95.00,K-12
,,Rockwood Preparatory Academy,,Multnomah,92.40,K-12
,,Ron Russell MS,,Multnomah,95.90,K-12
,,Roosevelt HS,,Multnomah,96.60,K-12
,,Rosa Parks ES,,Multnomah,97.20,K-12
,,Rose City Park ES,,Multnomah,97.10,K-12
,,Rosemary Anderson HS - East,,Multnomah,96.30,K-12
,,Rosemary Anderson HS - Lents,,Multnomah,98.20,K-12
,,Rosemary Anderson HS - New Columbia,,Multnomah,98.50,K-12
,,Rosemary Anderson HS - North,,Multnomah,95.90,K-12
,,Rosemary Anderson MS,,Multnomah,100.00,K-12
,,Roseway Heights MS,,Multnomah,95.20,K-12
,,Russell ES,,Multnomah,94.80,K-12
,,Sabin ES,,Multnomah,97.00,K-12
,,Sacramento ES,,Multnomah,94.20,K-12
,,SAGE,,Multnomah,30.00,K-12
,,Salish Ponds ES,,Multnomah,95.80,K-12
,,Sam Barlow HS,,Multnomah,97.20,K-12
,,Scott ES,,Multnomah,96.60,K-12
,,Sellwood MS,,Multnomah,96.60,K-12
,,Serendipity Center,,Multnomah,100.00,K-12
,,Shaver ES,,Multnomah,93.10,K-12
,,Shining Star Waldorf School,,Multnomah,75.40,K-12
,,Sitton ES,,Multnomah,97.60,K-12
,,Skyline K-8,,Multnomah,93.60,K-12
,,Slavic Christian Academy,,Multnomah,23.10,K-12
,,Small Wonders School - Grant Park,,Multnomah,100.00,K-12
,,Small Wonders School - Hollywood,,Multnomah,91.70,K-12
,,Souther School,,Multnomah,36.40,K-12
,,Springwater Trail HS,,Multnomah,96.80,K-12
,,St Agatha School,,Multnomah,96.50,K-12
,,St Andrew Nativity School,,Multnomah,100.00,K-12
,,St Clare School,,Multnomah,98.30,K-12
,,St Ignatius School,,Multnomah,97.90,K-12
,,St John Fisher School,,Multnomah,97.60,K-12
,,St Mary's Academy,,Multnomah,97.50,K-12
,,St Rose School,,Multnomah,97.40,K-12
,,St Therese School,,Multnomah,99.50,K-12
,,St Thomas More Parish School,,Multnomah,98.00,K-12
,,Stephenson ES,,Multnomah,97.10,K-12
,,Structured Skills Center (SSC) ES,,Multnomah,100.00,K-12
,,Sulamita Christian Academy,,Multnomah,28.50,K-12
,,Sunnyside Environmental K-8,,Multnomah,90.20,K-12
,,Sunstone Montessori School,,Multnomah,96.60,K-12
,,Sweetbriar ES,,Multnomah,94.20,K-12
,,The Emerson School,,Multnomah,93.30,K-12
,,The International School of Portland,,Multnomah,98.60,K-12
,,The Madeleine School,,Multnomah,99.20,K-12
,,The Portland Montessori School,,Multnomah,88.90,K-12
,,Trinity Academy,,Multnomah,90.40,K-12
,,Trinity Lutheran School,,Multnomah,97.90,K-12
,,Troutdale ES,,Multnomah,90.90,K-12
,,Tucker Maxon School,,Multnomah,100.00,K-12
,,Ventura Park ES,,Multnomah,94.10,K-12
,,Vernon K-8,,Multnomah,95.20,K-12
,,Vestal ES,,Multnomah,96.00,K-12
,,"Village Free School, The",,Multnomah,88.50,K-12
,,Walt Morey MS,,Multnomah,96.80,K-12
,,West Hills Christian School,,Multnomah,94.10,K-12
,,West Hills Montessori School,,Multnomah,90.60,K-12
,,West Orient MS,,Multnomah,95.20,K-12
,,West Powellhurst ES,,Multnomah,89.20,K-12
,,West Sylvan MS,,Multnomah,96.60,K-12
,,Wheatley School,,Multnomah,95.70,K-12
,,Whitman ES,,Multnomah,97.70,K-12
,,Whole Child Montessori Center,,Multnomah,100.00,K-12
,,Wilkes ES,,Multnomah,96.60,K-12
,,Winterhaven K-8,,Multnomah,93.90,K-12
,,Woodland ES,,Multnomah,94.80,K-12
,,Woodlawn ES,,Multnomah,94.40,K-12
,,Woodmere ES,,Multnomah,94.30,K-12
,,Woodstock ES,,Multnomah,97.90,K-12
,,Ash Creek Elementary,,Polk,97.70,K-12
,,Brush College Elementary,,Polk,97.40,K-12
,,Central High School,,Polk,98.40,K-12
,,Chapman Hill Elementary,,Polk,96.00,K-12
,,Dallas Community High School,,Polk,88.60,K-12
,,Dallas Community School K-8,,Polk,72.70,K-12
,,Dallas High School,,Polk,95.60,K-12
,,Faith Christian School,,Polk,85.00,K-12
,,Falls City Elementary,,Polk,93.00,K-12
,,Falls City High School,,Polk,91.50,K-12
,,Grace Christian Preschool & Kindergarten,,Polk,90.90,K-12
,,Harritt Elementary,,Polk,97.80,K-12
,,Independence Elementary School,,Polk,97.30,K-12
,,Kalapuya Elementary,,Polk,96.40,K-12
,,LaCreole Middle School,,Polk,97.20,K-12
,,LVC-Luckiamute Valley Charter School - Bridgeport,,Polk,92.10,K-12
,,LVC-Luckiamute Valley Charter School Pedee Campus,,Polk,94.40,K-12
,,Lyle Elementary School,,Polk,91.80,K-12
,,Monmouth Elementary School,,Polk,94.60,K-12
,,Monmouth Montessori School LLC,,Polk,69.20,K-12
,,Morrison Charter School (MCACS),,Polk,95.40,K-12
,,Myers Elementary,,Polk,96.40,K-12
,,Oakdale Heights Elementary School,,Polk,93.00,K-12
,,Perrydale School,,Polk,92.40,K-12
,,Polk Adolescent Day Treatment Center,,Polk,100.00,K-12
,,Riviera Christian School & Daycare,,Polk,83.90,K-12
,,Straub Middle School,,Polk,97.10,K-12
,,Talmadge Middle School,,Polk,97.70,K-12
,,The Hundred Acre Academy,,Polk,70.50,K-12
,,Walker Middle School,,Polk,98.80,K-12
,,West Salem High School,,Polk,97.10,K-12
,,Western Christian School,,Polk,92.00,K-12
,,Whitworth Elementary,,Polk,94.50,K-12
,,Sherman County School,,Sherman,94.80,K-12
,,East Elementary,,Tillamook,97.90,K-12
,,Garibaldi Grade School,,Tillamook,93.30,K-12
,,Liberty Elementary,,Tillamook,96.80,K-12
,,Neahkahnie High School,,Tillamook,92.60,K-12
,,Neahkahnie Middle School,,Tillamook,95.60,K-12
,,Nehalem Elementary,,Tillamook,88.00,K-12
,,NESKOWIN VALLEY SCHOOL,,Tillamook,82.90,K-12
,,Nestucca High School,,Tillamook,95.70,K-12
,,Nestucca Valley Elementary School,,Tillamook,93.90,K-12
,,Ocean Breeze School,,Tillamook,90.90,K-12
,,Pacific Christian School,,Tillamook,76.20,K-12
,,South Prairie Elementary School,,Tillamook,94.80,K-12
,,Tillamook Adventist School,,Tillamook,89.30,K-12
,,Tillamook High School,,Tillamook,95.90,K-12
,,Tillamook Junior High School,,Tillamook,97.80,K-12
,,Trask River High School (OYA),,Tillamook,91.70,K-12
,,Armand Larive Middle School,,Umatilla,99.30,K-12
,,Athena Elementary,,Umatilla,94.20,K-12
,,Blue Mountain Mennonite School,,Umatilla,10.00,K-12
,,Central Middle School,,Umatilla,98.90,K-12
,,Clara Brownell Middle School,,Umatilla,98.50,K-12
,,Desert View Elementary,,Umatilla,98.20,K-12
,,Echo Elementary and High School,,Umatilla,94.70,K-12
,,Ferndale Elementary School,,Umatilla,99.10,K-12
,,Gib Olinger Elementary School,,Umatilla,97.40,K-12
,,Hawthorne School,,Umatilla,97.50,K-12
,,Helix School District,,Umatilla,95.10,K-12
,,Hermiston Christian School,,Umatilla,91.20,K-12
,,Hermiston High School,,Umatilla,99.10,K-12
,,Hermiston Junior Academy,,Umatilla,87.50,K-12
,,Highland Hills Elementary,,Umatilla,97.40,K-12
,,Loma Vista Elementary School,,Umatilla,97.30,K-12
,,McKay Creek Elementary,,Umatilla,96.10,K-12
,,McLoughlin High School,,Umatilla,98.30,K-12
,,McNary Heights Elementary,,Umatilla,97.40,K-12
,,Milton-Stateline SDA School,,Umatilla,84.30,K-12
,,Nixyaawii Community School,,Umatilla,98.70,K-12
,,Pendleton Christian School,,Umatilla,61.50,K-12
,,Pendleton Early Learning Center,,Umatilla,93.00,K-12
,,Pendleton High School,,Umatilla,97.70,K-12
,,Pendleton Virtual Learning Academy,,Umatilla,80.00,K-12
,,Pilot Rock Elementary,,Umatilla,92.90,K-12
,,Pilot Rock JR/SR High School,,Umatilla,98.70,K-12
,,Rocky Heights Elementary,,Umatilla,97.10,K-12
,,Sandstone Middle School,,Umatilla,98.50,K-12
,,Sherwood Heights Elementary,,Umatilla,97.30,K-12
,,Stanfield Elementary,,Umatilla,96.80,K-12
,,Stanfield Secondary,,Umatilla,98.60,K-12
,,Sunridge Middle School,,Umatilla,98.40,K-12
,,Sunset Elementary,,Umatilla,99.80,K-12
,,Ukiah Elementary and High School,,Umatilla,96.30,K-12
,,Umatilla High School,,Umatilla,99.10,K-12
,,Under the Son Preschool,,Umatilla,100.00,K-12
,,Washington Elementary,,Umatilla,96.00,K-12
,,West Park Elementary,,Umatilla,98.10,K-12
,,Weston Middle School,,Umatilla,96.40,K-12
,,Weston-McEwen High School,,Umatilla,98.50,K-12
,,Central Elementary School,,Union,94.70,K-12
,,Cove School District/charter school,,Union,91.40,K-12
,,Elgin High School,,Union,91.40,K-12
,,Elgin Stella Mayfield Elementary,,Union,92.20,K-12
,,Grande Ronde Academy,,Union,92.30,K-12
,,Grande Ronde Mennonite School,,Union,33.30,K-12
,,Greenwood Elementary School,,Union,91.60,K-12
,,Heidi Ho Preschool and Kindergarten,,Union,73.30,K-12
,,Imbler Elementary,,Union,95.60,K-12
,,Imbler JR/SR High,,Union,94.10,K-12
,,Island City Elementary,,Union,95.50,K-12
,,La Grande High School,,Union,96.60,K-12
,,La Grande Middle School,,Union,96.70,K-12
,,La Grande Seventh Day Adventist School,,Union,90.00,K-12
,,Lighthouse Apostolic Academy,,Union,96.20,K-12
,,North Powder School,,Union,95.30,K-12
,,Rising Stars/Explore,,Union,90.90,K-12
,,Union Elementary School,,Union,93.20,K-12
,,Union High School,,Union,93.40,K-12
,,Enterprise Elementary,,Wallowa,96.00,K-12
,,Enterprise Jr/Sr High School,,Wallowa,98.00,K-12
,,Enterprise Seventh Day Adventist School,,Wallowa,68.40,K-12
,,Joseph Charter School,,Wallowa,89.60,K-12
,,Wallowa Schools,,Wallowa,99.50,K-12
,,Chenowith Elementary School,,Wasco,93.50,K-12
,,Colonel Wright Elementary School,,Wasco,95.70,K-12
,,Dry Hollow Elementary School,,Wasco,97.60,K-12
,,Dufur School District,,Wasco,94.70,K-12
,,Innovations Academy,,Wasco,97.20,K-12
,,Innovations Virtual Academy,,Wasco,94.80,K-12
,,Maupin Gradeschool/Little Minnows Preschool,,Wasco,96.50,K-12
,,Mosier Community School,,Wasco,95.30,K-12
,,South Wasco County Jr/High School,,Wasco,98.50,K-12
,,St. Mary's Academy,,Wasco,96.60,K-12
,,The Dalles High School,,Wasco,97.70,K-12
,,The Dalles Middle School,,Wasco,97.30,K-12
,,Alberta Rider Elementary,,Washington,95.60,K-12
,,Aloha High School,,Washington,98.20,K-12
,,Aloha-Huber Park School,,Washington,97.70,K-12
,,Archer Glen Elementary,,Washington,95.00,K-12
,,Arco Iris Spanish Immersion School,,Washington,96.60,K-12
,,Art Rutkin Elementary,,Washington,98.20,K-12
,,Arts and Communications (ACMA),,Washington,96.40,K-12
,,Atfalati Ridge Elementary,,Washington,98.50,K-12
,,Banks Elementary School,,Washington,93.70,K-12
,,Banks High School,,Washington,96.20,K-12
,,Banks Middle School,,Washington,95.20,K-12
,,Barnes Elementary,,Washington,97.20,K-12
,,Beaver Acres Elementary,,Washington,96.70,K-12
,,Beaverton Academy of Science & Engineering (BASE),,Washington,98.00,K-12
,,Beaverton High School,,Washington,98.40,K-12
,,Bethany Elementary,,Washington,98.60,K-12
,,Bonny Slope Elementary,,Washington,96.00,K-12
,,Bridgeport Elementary School,,Washington,97.90,K-12
,,Brookwood Elementary School,,Washington,95.90,K-12
,,Brown Middle School,,Washington,97.60,K-12
,,Butternut Creek Elementary,,Washington,97.70,K-12
,,Byrom Elementary,,Washington,97.80,K-12
,,Carden Cascade Academy,,Washington,89.70,K-12
,,Cascade Academy,,Washington,100.00,K-12
,,Catlin Gabel School - All ,,Washington,97.40,K-12
,,Cedar Hills Kindergarten and Preschool,,Washington,93.30,K-12
,,Cedar Mill Elementary,,Washington,97.00,K-12
,,Cedar Park Middle School,,Washington,96.70,K-12
,,Century High School,,Washington,98.40,K-12
,,Charles F Tigard Elementary,,Washington,95.10,K-12
,,Chehalem Elementary,,Washington,97.00,K-12
,,City View Charter School,,Washington,92.50,K-12
,,Columbia Academy,,Washington,100.00,K-12
,,Community Alternative Learning Center-FGSD,,Washington,98.70,K-12
,,Community High School - Merlo Station,,Washington,98.30,K-12
,,Conestoga Middle,,Washington,97.80,K-12
,,Cooper Mountain Elementary,,Washington,97.80,K-12
,,Cor Deo Christian Academy,,Washington,77.20,K-12
,,Cordero Residential Treatment,,Washington,100.00,K-12
,,Cornelius Elementary,,Washington,97.30,K-12
,,Creekside High School,,Washington,97.00,K-12
,,Crescent Islamic Montessori School,,Washington,80.00,K-12
,,Deer Creek Elementary,,Washington,96.40,K-12
,,Dilley Elementary,,Washington,96.40,K-12
,,Durham Elementary,,Washington,96.00,K-12
,,Early Learning Community at Pacific University,,Washington,96.40,K-12
,,Eastwood Elementary,,Washington,98.50,K-12
,,Echo Shaw Elementary,,Washington,98.70,K-12
,,Edison High School,,Washington,99.20,K-12
,,Elmonica Elementary,,Washington,98.70,K-12
,,Errol Hassell Elementary,,Washington,97.90,K-12
,,Evergreen Middle School,,Washington,98.30,K-12
,,Faith Bible Christian School,,Washington,86.70,K-12
,,Farmington View Elementary,,Washington,97.10,K-12
,,Fern Hill Elementary,,Washington,96.60,K-12
,,Findley Elementary,,Washington,98.00,K-12
,,Fir Grove Elementary,,Washington,98.50,K-12
,,Five Oaks Middle School,,Washington,97.90,K-12
,,FLEX Online School,,Washington,97.50,K-12
,,Forest Grove Community School,,Washington,91.00,K-12
,,Forest Grove High School,,Washington,98.10,K-12
,,Forest Hills Lutheran School,,Washington,89.90,K-12
,,Fowler Middle School,,Washington,96.60,K-12
,,Free Orchards Elementary,,Washington,97.40,K-12
,,Gaarde Christian School,,Washington,85.60,K-12
,,Gaston Elementary,,Washington,93.80,K-12
,,Gaston Jr. Sr High School,,Washington,95.60,K-12
,,German International School,,Washington,97.10,K-12
,,Glencoe High School,,Washington,98.00,K-12
,,Greenway Elementary,,Washington,96.70,K-12
,,Groner Elementary,,Washington,97.70,K-12
,,Harvey Clarke Elementary,,Washington,96.30,K-12
,,Hawks View Elementary School,,Washington,93.50,K-12
,,Hazelbrook Middle School,,Washington,97.80,K-12
,,Hazeldale Elementary,,Washington,96.90,K-12
,,Highland Park Middle School,,Washington,97.50,K-12
,,Hillsboro Big Picture,,Washington,100.00,K-12
,,Hillsboro High School,,Washington,97.60,K-12
,,Hillsboro Online Academy,,Washington,94.90,K-12
,,Hiteon Elementary,,Washington,96.30,K-12
,,Holy Trinity Catholic School,,Washington,97.30,K-12
,,Hope Chinese Charter School,,Washington,94.40,K-12
,,Horizon Christian Elementary and Middle School,,Washington,84.70,K-12
,,Horizon Christian High School,,Washington,91.20,K-12
,,Imlay Elementary,,Washington,95.50,K-12
,,Indian Hills Elementary,,Washington,97.90,K-12
,,International School of Beaverton ( ISB ),,Washington,98.10,K-12
,,Islamic School of Muslim Educational Trust (ISMET),,Washington,96.50,K-12
,,Jackson Elementary,,Washington,96.60,K-12
,,Jacob Wismer Elementary,,Washington,97.90,K-12
,,Jesuit High School,,Washington,98.30,K-12
,,Joseph Gale Elementary School,,Washington,95.90,K-12
,,Kinnaman Elementary,,Washington,96.40,K-12
,,Ladd Acres Elementary,,Washington,96.00,K-12
,,Lenox Elementary,,Washington,95.90,K-12
,,Levi Anderson Learning Center - St. Mary's,,Washington,100.00,K-12
,,Liberty High School,,Washington,98.10,K-12
,,Life Christian School,,Washington,91.40,K-12
,,Lifeworks Day Treatment Program - K-12,,Washington,91.70,K-12
,,Lincoln Street Elementary,,Washington,98.40,K-12
,,Mary Woodward Elementary,,Washington,97.10,K-12
,,McKay Elementary,,Washington,97.60,K-12
,,McKinley Elementary,,Washington,97.30,K-12
,,McKinney Elementary,,Washington,98.30,K-12
,,Meadow Park Middle School,,Washington,97.30,K-12
,,Metzger Elementary School,,Washington,97.10,K-12
,,Middleton Elementary,,Washington,97.40,K-12
,,Minter Bridge Elementary,,Washington,97.20,K-12
,,Mitch Charter School,,Washington,91.90,K-12
,,Montclair Elementary,,Washington,96.40,K-12
,,Montessori School of Beaverton,,Washington,97.40,K-12
,,Mooberry Elementary,,Washington,97.10,K-12
,,Mountain View Middle School,,Washington,98.00,K-12
,,Mountainside High School,,Washington,98.20,K-12
,,Nancy Ryles Elementary,,Washington,96.20,K-12
,,Neil Armstrong Middle School,,Washington,98.30,K-12
,,North Plains Elementary,,Washington,95.60,K-12
,,Oak Grove Academy,,Washington,100.00,K-12
,,Oak Hills Elementary,,Washington,94.80,K-12
,,Oregon Episcopal School,,Washington,98.70,K-12
,,Orenco Elementary,,Washington,95.50,K-12
,,Pacific Academy,,Washington,97.50,K-12
,,Patterson Elementary,,Washington,96.50,K-12
,,Pilgrim Lutheran School,,Washington,90.90,K-12
,,Poynter Middle School,,Washington,97.50,K-12
,,Prince of Peace School,,Washington,90.00,K-12
,,Quatama Elementary,,Washington,97.10,K-12
,,Raleigh Hills Elementary,,Washington,98.90,K-12
,,Raleigh Park Elementary,,Washington,98.30,K-12
,,Reedville Elementary,,Washington,98.50,K-12
,,Ridges Elementary,,Washington,95.80,K-12
,,Ridgewood Elementary,,Washington,95.70,K-12
,,Rock Creek Elementary,,Washington,95.90,K-12
,,Rosedale Elementary,,Washington,98.00,K-12
,,Sato Elementary School,,Washington,97.30,K-12
,,Scholls Heights Elementary,,Washington,97.10,K-12
,,Sexton Mt. Elementary,,Washington,97.70,K-12
,,Sherwood Charter School,,Washington,90.20,K-12
,,Sherwood High School,,Washington,97.30,K-12
,,Sherwood Middle School,,Washington,96.40,K-12
,,South Meadows Middle School,,Washington,98.00,K-12
,,Southridge High School,,Washington,97.30,K-12
,,Southwest Christian School,,Washington,86.10,K-12
,,Springville School,,Washington,97.90,K-12
,,St. Anthony Catholic School,,Washington,96.00,K-12
,,St. Cecilia School,,Washington,96.20,K-12
,,St. Francis Catholic School,,Washington,94.90,K-12
,,St. Francis of Assisi Catholic School,,Washington,97.50,K-12
,,St. Matthew Catholic School,,Washington,96.90,K-12
,,St. Pius X School,,Washington,97.20,K-12
,,St. Stephen's Academy,,Washington,86.50,K-12
,,Stoller Middle School,,Washington,98.80,K-12
,,Sunset High School,,Washington,98.40,K-12
,,Swallowtail Waldorf School and Farm,,Washington,77.30,K-12
,,Tamarack Elementary School,,Washington,96.40,K-12
,,Templeton Elementary,,Washington,97.40,K-12
,,Terra Linda Elementary,,Washington,97.90,K-12
,,Tigard High School,,Washington,97.20,K-12
,,Tobias Elementary,,Washington,99.00,K-12
,,Tom McCall Upper Elementary,,Washington,97.60,K-12
,,TTSD Virtual Academy,,Washington,97.70,K-12
,,Tualatin Elementary,,Washington,97.30,K-12
,,Tualatin High School,,Washington,98.40,K-12
,,Tualatin Valley Academy,,Washington,90.50,K-12
,,Tumwater Middle School,,Washington,97.00,K-12
,,Twality Middle School,,Washington,97.30,K-12
,,Valley Catholic Elementary School,,Washington,97.90,K-12
,,Valley Catholic High School,,Washington,98.40,K-12
,,Valley Catholic Middle School,,Washington,97.50,K-12
,,Valor Christian School International,,Washington,92.90,K-12
,,Visitation Catholic School,,Washington,92.90,K-12
,,Vose Elementary,,Washington,96.50,K-12
,,W.L. Henry Elementary,,Washington,98.10,K-12
,,West Tualatin View Elementary,,Washington,96.50,K-12
,,West Union Elementary School,,Washington,98.70,K-12
,,Westgate Christian School,,Washington,88.80,K-12
,,Westside Christian High School,,Washington,90.80,K-12
,,Westview High School,,Washington,98.10,K-12
,,Whitford Middle School,,Washington,97.50,K-12
,,William Walker Elementary,,Washington,98.20,K-12
,,WISE Transition Program - Tigard HS,,Washington,100.00,K-12
,,Witch Hazel Elementary,,Washington,97.90,K-12
,,Cascades Virtual Academy,,Wheeler,82.80,K-12
,,Destinations Career Academy of Oregon,,Wheeler,94.20,K-12
,,Fossil Elementary,,Wheeler,92.00,K-12
,,Insight School of Oregon Painted Hills,,Wheeler,94.40,K-12
,,Mitchell School District #55,,Wheeler,97.70,K-12
,,Spray School District #1,,Wheeler,96.50,K-12
,,Wheeler High School,,Wheeler,96.70,K-12
,,Alliance Academy,,Yamhill,67.80,K-12
,,Ambleside of the Willamette Valley,,Yamhill,83.50,K-12
,,Amity Elementary School,,Yamhill,90.70,K-12
,,Amity High School,,Yamhill,96.80,K-12
,,Amity Middle School,,Yamhill,96.40,K-12
,,Antonia Crater Elementary,,Yamhill,92.70,K-12
,,C.S. LEWIS ACADEMY,,Yamhill,89.40,K-12
,,Catalyst,,Yamhill,94.70,K-12
,,Chehalem Valley Middle School,,Yamhill,93.50,K-12
,,Dayton Grade School,,Yamhill,92.80,K-12
,,Dayton High School,,Yamhill,96.70,K-12
,,Dayton Junior High School,,Yamhill,94.00,K-12
,,DUNDEE ELEMENTARY SCHOOL,,Yamhill,93.00,K-12
,,Duniway Middle School,,Yamhill,95.40,K-12
,,Edwards Elementary School,,Yamhill,97.50,K-12
,,Ewing Young Elementary School,,Yamhill,90.10,K-12
,,Faulconer-Champman Elementary School,,Yamhill,90.80,K-12
,,Faulconer-Chapman Middle School,,Yamhill,89.10,K-12
,,Grandhaven Elementary,,Yamhill,96.00,K-12
,,Joan Austin Elementary,,Yamhill,98.00,K-12
,,Life Christian Academy,,Yamhill,100.00,K-12
,,Mabel Rush Elementary,,Yamhill,92.20,K-12
,,McMinnville Adventist Christian School,,Yamhill,79.50,K-12
,,McMinnville Christian Academy,,Yamhill,83.90,K-12
,,McMinnville High School,,Yamhill,96.80,K-12
,,McMinnville Montessori School,,Yamhill,81.20,K-12
,,Memorial Elementary School,,Yamhill,93.80,K-12
,,Mountain View Middle School,,Yamhill,96.50,K-12
,,Newberg High School,,Yamhill,97.30,K-12
,,Newby Elementary School,,Yamhill,93.90,K-12
,,Patton Middle School,,Yamhill,97.40,K-12
,,Sheridan  Baptist ,,Yamhill,72.00,K-12
,,Sheridan High School,,Yamhill,98.50,K-12
,,St. James Catholic School,,Yamhill,95.20,K-12
,,Sue Buel Elementary School,,Yamhill,96.40,K-12
,,The Delphian School,,Yamhill,54.10,K-12
,,Veritas School,,Yamhill,90.40,K-12
,,Wascher Elementary School,,Yamhill,96.60,K-12
,,Willamette Elementary School,,Yamhill,97.30,K-12
,,Willamina Elementary School,,Yamhill,94.00,K-12
,,Willamina High School,,Yamhill,93.90,K-12
,,Willamina Middle School,,Yamhill,96.80,K-12
,,Yamhill Carlton Elementary School,,Yamhill,90.30,K-12
,,Yamhill Carlton High School,,Yamhill,97.00,K-12
,,Yamhill Carlton Intermediate School,,Yamhill,95.00,K-12